total Pre Frontal,Total Posterior
37,0
26,0
28,0
69,5
37,0
8,0
37,0
21,0
70,0
93,0
15,12
34,0
41,1
46,0
8,0
59,0
11,0
67,0
26,0
9,0
102,0
0,0
67,0
25,0
63,0
71,0
9,0
0,0
6,1
1,0
1,0
32,0
18,0
1,0
67,0
13,0
3,0
56,0
5,0
3,0
9,0
48,0
131,0
44,0
37,0
46,0
58,0
16,0
10,0
89,0
24,0
18,0
25,0
6,0
8,0
20,0
60,0
4,1
18,0
16,0
26,0
103,1
2,0
11,0
4,0
64,1
11,0
45,0
45,0
133,0
76,0
862,0
105,0
89,0
18,0
48,0
21,1
11,0
3,0
19,0
52,0
3,0
88,0
4,0
37,2
1,0
0,0
10,0
99,2
47,0
25,0
250,0
40,0
0,0
7,0
28,0
91,0
26,0
6,0
19,0
92,0
1,0
34,2
28,0
38,0
47,0
53,16
29,0
9,0
8,3
6,0
8,0
30,0
46,0
10,0
10,0
2,0
53,0
0,0
12,0
44,0
17,0
0,0
41,2
98,0
29,0
76,0
3,0
9,0
17,0
87,8
3,0
188,6
40,0
39,0
51,0
35,0
75,0
9,0
42,0
143,0
8,0
33,0
1,0
20,0
10,0
20,0
7,1
112,0
27,0
33,0
37,1
5,0
30,0
0,0
21,0
9,0
64,0
0,0
2,0
74,0
5,0
1,0
56,0
4,0
6,0
49,0
14,0
16,0
43,0
2,0
12,0
8,0
20,0
17,0
17,0
22,0
42,0
20,0
37,0
26,0
30,0
26,0
33,0
0,0
4,0
4,0
79,0
11,0
4,0
32,0
27,19
23,0
4,0
12,0
46,0
11,0
1,0
36,0
15,0
17,0
34,0
27,0
8,0
9,0
45,0
36,0
19,0
62,0
17,0
80,1
29,0
178,1
19,0
13,0
19,0
71,0
18,0
12,0
3,1
25,0
1,1
0,0
21,1
2,0
32,0
1,0
17,0
12,0
36,0
34,0
11,0
140,0
18,0
5,0
9,0
13,0
33,0
105,0
31,0
16,0
52,0
59,0
7,0
23,0
0,0
44,0
1,0
15,0
3,0
29,0
24,0
31,2
6,0
5,0
20,0
24,0
4,0
75,1
8,0
61,0
3,0
15,0
19,0
170,0
55,0
1,0
3,0
50,0
60,0
2,0
1,0
4,0
0,0
21,0
30,0
103,0
3,0
68,0
52,4
15,0
3,0
32,0
17,0
14,0
9,0
1,0
2,12
64,0
3,0
68,1
35,0
24,0
71,0
47,0
16,0
3,0
7,0
55,0
23,0
52,0
47,0
63,0
8,0
0,0
21,0
31,0
78,0
21,0
67,0
3,0
7,0
8,0
87,0
6,0
17,0
9,0
9,0
17,0
74,0
5,0
6,0
97,0
87,0
11,0
51,0
1,0
65,0
68,0
114,0
1,0
17,0
24,0
19,0
2,0
21,0
135,0
82,0
6,0
21,1
3,0
129,0
12,0
11,0
26,0
24,0
125,0
104,0
30,0
8,0
140,0
4,0
40,0
94,0
23,0
24,0
77,0
10,0
23,1
30,0
4,0
26,0
17,2
7,0
31,0
1,0
6,0
8,0
54,0
37,0
113,0
40,0
6,0
70,0
42,0
103,0
35,0
32,0
49,0
112,0
0,0
7,0
113,0
8,0
211,0
9,1
9,0
53,0
23,0
50,0
6,0
0,0
22,0
25,0
53,0
23,0
48,0
100,1
15,0
24,0
241,1
30,0
20,0
540,0
2,0
18,0
5,0
14,0
20,0
8,1
1,0
40,0
26,0
26,0
7,1
25,0
12,0
35,0
56,0
64,2
38,0
16,0
21,0
33,0
1,0
6,0
21,0
2,0
97,0
24,0
18,0
51,0
14,0
10,0
56,0
1,0
1,0
35,1
53,0
12,0
57,5
3,0
2,0
16,0
21,0
4,0
79,0
64,0
71,0
135,0
67,0
24,0
6,0
19,0
5,0
44,0
63,0
6,1
48,0
51,0
3,0
21,0
7,0
31,1
27,0
16,0
35,0
6,0
71,0
6,0
6,0
1,0
103,0
11,0
62,0
16,0
48,6
2,0
57,2
0,0
27,0
64,0
133,0
39,0
31,0
4,0
35,0
2,0
6,0
61,0
54,0
6,0
30,0
5,0
23,0
33,0
2,0
14,0
8,0
192,2
29,0
106,0
18,1
14,1
48,0
16,0
22,1
1,0
43,0
7,0
4,0
154,0
36,0
42,0
12,8
54,0
94,51
24,0
25,0
111,1
19,0
23,0
48,0
85,0
427,0
15,0
0,0
14,0
112,0
21,0
49,0
16,0
64,0
29,0
44,0
15,0
199,0
39,0
49,0
20,0
33,0
80,13
76,0
16,0
33,0
12,0
135,0
48,0
17,0
11,0
22,0
43,0
25,0
91,0
19,1
82,0
20,0
64,0
9,0
137,0
35,0
29,0
53,1
47,0
1,0
7,0
5,0
10,0
2,0
3,0
44,0
0,0
239,0
5,0
9,2
9,0
55,0
28,0
34,0
29,0
11,1
83,0
55,0
49,0
26,0
2,0
198,0
32,0
148,0
1,0
16,0
25,0
10,0
58,0
3,0
79,0
1,0
14,0
39,0
43,0
2,0
15,0
5,0
41,12
159,0
7,1
82,0
3,0
76,0
14,0
36,0
77,0
3,0
7,0
3,0
4,0
151,7
62,0
1,0
220,2
97,0
4,0
21,0
6,0
23,0
14,0
80,0
16,0
52,0
34,1
18,0
144,0
6,0
13,0
0,0
53,0
39,0
2,0
47,0
63,0
4,0
48,0
6,0
80,0
6,0
17,1
0,0
30,0
23,0
8,0
19,0
31,0
157,0
108,0
120,0
1,0
52,0
53,0
18,0
167,0
29,0
31,0
43,0
43,1
37,0
113,0
68,0
3,0
6,0
15,0
19,0
34,1
24,0
52,0
2,0
14,0
13,0
23,0
72,0
32,3
15,0
0,0
47,0
2,0
6,0
62,0
64,0
30,0
109,0
32,0
11,0
117,0
66,0
18,0
31,0
13,0
40,0
34,0
37,2
8,0
82,0
54,0
2,0
85,0
24,2
14,0
1,0
2,0
2,0
108,0
36,0
79,0
57,0
37,0
25,0
24,0
33,0
61,0
78,0
31,0
20,0
17,0
45,8
33,0
27,0
1,0
143,0
32,0
9,0
26,0
28,0
18,0
51,0
22,0
22,0
8,0
2,0
60,1
13,0
65,4
23,0
63,0
71,0
96,0
131,0
116,0
152,0
34,0
3,1
117,0
33,0
3,0
48,0
19,1
9,0
45,0
42,0
12,0
15,0
25,0
38,0
27,0
7,0
123,0
24,0
0,0
27,0
13,0
47,0
8,0
7,0
16,2
1,0
8,1
67,1
15,0
0,0
15,0
58,0
37,0
66,0
117,0
99,4
57,0
40,0
2,0
133,0
139,0
66,0
32,0
58,0
33,0
25,0
8,0
28,0
0,0
31,0
54,0
138,0
35,0
6,0
5,2
26,0
1,0
40,0
23,0
7,0
122,0
38,0
22,0
64,0
3,0
20,0
16,0
41,0
92,3
125,0
39,1
13,0
25,1
1,0
34,0
23,0
38,0
7,0
11,1
7,0
16,0
2,0
61,0
1,0
82,0
5,1
40,0
22,0
132,0
4,0
90,0
76,0
8,0
27,0
35,0
73,0
56,0
1,0
15,0
46,0
33,0
14,0
35,0
10,0
35,0
24,0
3,2
10,0
28,0
110,0
5,1
146,0
26,0
2,1
16,0
39,0
12,0
177,0
53,0
17,0
95,0
247,0
23,0
1,0
2,0
2,0
9,0
16,0
20,0
25,1
88,0
45,0
3,0
18,0
102,0
10,0
35,0
11,19
1,0
4,0
61,0
21,0
51,0
15,0
22,0
13,0
1,0
20,0
28,0
40,0
2,0
20,0
97,0
21,0
85,0
13,0
10,0
18,0
121,0
3,0
48,0
71,1
20,0
29,0
62,0
7,0
25,0
0,0
38,0
88,0
6,0
85,0
39,2
3,0
21,0
31,0
101,0
20,0
14,0
33,0
2,0
0,0
51,0
0,0
20,0
22,0
3,0
32,0
20,0
84,0
49,0
38,0
23,0
47,0
13,0
24,0
1,0
12,0
9,0
73,0
26,0
8,0
42,0
23,0
31,0
2,0
4,0
17,0
15,6
1,0
24,0
2,0
17,0
11,2
18,0
4,0
71,1
50,0
313,0
70,0
47,0
25,0
58,0
13,0
25,0
44,0
25,0
24,0
2,0
26,0
12,0
46,0
30,0
20,0
30,0
269,0
12,0
10,0
6,1
59,0
58,0
42,0
6,0
36,0
74,0
58,0
151,1
2,0
30,0
45,0
12,4
19,0
22,0
41,0
43,0
32,0
47,0
23,0
14,0
17,0
3,0
6,0
58,0
38,0
100,0
51,0
11,0
104,0
396,0
20,0
27,0
8,0
46,0
0,0
3,0
44,0
40,0
1,0
0,0
44,0
15,0
13,0
3,0
142,0
18,0
16,0
36,0
1,0
14,1
102,0
50,0
32,0
14,0
33,0
44,0
20,10
2,0
0,0
6,0
41,1
63,0
97,0
53,8
9,0
91,0
87,0
36,0
10,0
64,0
3,0
18,0
187,0
32,0
9,0
29,0
47,0
107,0
6,0
17,0
3,0
13,0
10,0
46,0
5,0
33,19
125,0
36,1
9,0
0,0
16,0
52,0
11,0
1,0
2,0
39,0
2,0
7,0
11,0
31,0
73,0
11,2
44,0
17,0
31,0
24,0
18,0
1,0
41,0
86,0
40,0
46,0
0,0
102,0
34,0
27,0
31,0
48,0
56,0
419,0
4,0
6,0
10,0
7,0
2,0
35,0
13,0
30,1
61,0
96,0
6,0
39,0
19,1
23,0
12,0
15,0
83,0
13,0
2,0
11,0
1,0
22,0
15,0
86,0
7,1
26,0
11,0
18,0
59,0
15,0
13,0
33,0
13,0
22,0
29,0
24,0
5,0
25,0
44,0
111,0
9,0
8,0
54,0
8,0
70,0
7,0
0,0
24,0
45,0
118,0
23,1
11,0
28,0
73,32
93,0
43,0
4,0
9,0
23,0
12,0
36,1
35,0
104,0
1,0
10,0
7,0
14,0
17,0
32,0
6,0
0,0
74,14
3,1
41,0
9,0
3,0
0,0
33,0
8,0
6,0
57,0
23,2
45,0
112,0
3,0
61,3
81,0
108,0
74,1
2,0
53,0
62,1
34,0
1,0
77,0
74,0
42,0
10,0
49,0
55,0
25,0
14,1
30,1
43,0
75,0
5,0
2,0
37,0
10,0
38,3
56,0
8,0
18,0
1,0
5,0
96,0
77,8
18,0
74,0
93,0
128,0
6,0
4,0
24,0
0,0
31,0
1,0
27,0
12,0
21,0
197,0
27,0
102,0
21,0
106,0
0,0
15,0
1,0
26,1
6,0
37,0
23,0
34,0
83,0
41,0
12,0
1,0
75,0
41,0
41,0
124,4
35,0
148,0
84,1
136,0
15,0
31,0
23,0
8,0
80,0
22,0
20,0
1,0
29,0
28,0
39,0
110,0
16,0
53,0
83,0
17,0
52,0
19,0
12,0
2,0
4,0
37,0
30,0
8,0
0,0
3,0
0,0
37,0
84,0
10,0
25,0
105,0
113,92
8,0
13,0
11,0
1,0
4,0
39,0
17,0
20,0
34,1
1,0
0,0
18,0
33,0
81,0
5,0
44,0
44,0
41,0
0,0
4,0
14,0
31,0
70,0
57,0
58,0
13,0
0,0
30,0
47,0
52,1
6,0
13,0
15,0
23,0
71,0
28,0
33,0
36,0
7,0
3,0
4,0
4,0
27,0
216,0
18,0
7,0
6,0
121,0
20,0
80,0
107,0
14,3
65,0
2,0
6,0
5,0
0,0
60,0
67,3
7,0
18,0
16,0
43,0
35,19
20,0
6,0
27,0
66,0
15,14
3,0
7,0
5,0
2,0
36,0
35,1
0,0
1,0
13,0
26,0
0,0
102,0
27,0
1,0
33,0
54,0
32,0
19,0
0,0
36,0
20,0
49,0
16,0
2,0
8,0
21,0
124,0
1,0
10,1
3,0
61,0
54,0
17,0
75,0
37,0
21,0
58,2
8,0
9,0
25,0
2,0
36,0
24,0
63,0
29,0
41,0
11,0
51,0
41,0
17,0
17,0
23,1
25,0
20,0
158,0
1,0
25,0
94,0
7,0
22,0
128,0
58,0
4,0
56,0
33,0
70,0
70,0
31,0
70,0
33,0
9,7
4,2
9,0
29,0
13,0
84,0
11,0
11,0
26,0
4,0
76,1
22,0
81,0
18,0
11,0
60,0
236,0
12,0
63,0
125,0
32,0
44,0
60,0
17,0
45,0
47,0
76,0
13,0
14,0
3,0
5,0
4,0
82,0
87,0
94,0
4,0
11,0
17,0
4,0
3,0
65,0
3,0
0,0
64,0
15,0
163,0
50,0
1,0
86,0
21,0
29,0
54,0
11,0
23,1
28,0
20,1
110,0
50,1
6,0
1,0
39,0
32,0
55,0
3,0
52,0
11,0
167,0
25,0
5,0
6,5
85,0
6,0
30,0
74,0
20,0
63,1
40,0
14,0
48,2
16,0
71,1
1,0
25,0
42,0
43,0
7,0
7,0
5,0
14,0
51,0
32,0
12,0
33,0
5,0
111,0
6,0
20,0
67,0
27,0
52,0
22,0
29,0
30,0
58,0
95,0
7,0
4,0
10,0
27,0
53,3
77,1
63,0
15,0
19,0
18,0
49,0
36,0
32,0
61,0
13,0
9,0
131,0
88,0
91,0
66,0
10,0
22,0
30,0
17,0
22,0
67,0
155,0
9,0
150,0
31,0
45,0
31,0
102,33
22,0
4,0
43,0
3,0
1,0
5,0
47,0
22,0
16,0
21,0
4,0
6,0
13,4
6,0
129,0
60,0
5,0
25,0
74,13
15,0
46,0
63,0
4,0
15,0
38,0
70,0
7,0
44,0
120,0
29,0
99,0
18,0
21,0
235,1
45,2
27,0
11,0
21,0
123,0
6,0
75,2
39,0
19,0
55,0
7,0
34,0
25,1
80,0
49,0
49,1
35,0
2,0
39,0
26,0
46,0
81,1
22,0
3,0
66,0
9,0
1,0
27,2
5,0
52,0
110,0
32,0
11,0
63,0
36,2
135,0
5,0
12,0
26,0
87,0
9,0
133,0
19,0
14,0
17,0
48,0
43,0
13,0
561,0
22,1
28,0
186,0
173,19
69,0
14,0
82,1
1,0
47,0
40,0
59,0
30,0
71,0
37,1
61,0
58,0
8,0
32,0
37,0
115,0
33,0
54,0
38,0
11,0
43,0
3,0
30,0
50,0
94,1
6,0
16,0
22,2
27,0
57,0
37,0
24,0
18,0
44,3
72,0
47,0
64,0
0,0
15,0
0,0
171,0
99,0
28,0
12,0
4,0
33,0
16,0
6,0
27,0
41,0
19,0
26,0
8,0
38,0
10,0
47,0
2,0
75,0
14,0
53,0
22,1
124,1
6,0
16,0
1,0
31,0
32,0
2,0
4,0
25,0
14,0
2,0
52,0
79,0
52,0
18,0
62,0
9,0
17,0
55,0
22,0
278,0
23,0
9,0
19,6
5,0
67,0
15,0
57,0
378,0
5,0
156,0
23,0
2,0
25,0
78,0
91,0
24,1
54,1
14,0
10,0
20,0
1,0
21,0
2,0
39,0
11,0
1,0
61,0
111,0
83,0
24,1
0,0
40,0
1,0
8,0
7,0
8,0
92,0
121,0
17,0
134,0
76,0
31,12
79,0
67,0
54,0
227,0
48,0
3,0
7,0
19,0
68,0
41,0
10,0
57,0
3,0
32,0
14,1
42,0
1,0
21,1
19,0
102,0
68,0
62,0
9,0
18,0
39,0
22,0
19,0
29,0
22,0
76,0
78,0
80,0
174,0
79,0
41,0
13,0
12,0
49,0
7,0
55,0
15,0
70,0
4,0
27,0
9,0
8,0
40,0
8,0
1,0
1,17
13,0
22,1
50,0
6,0
1,0
31,0
15,0
9,0
11,0
11,0
0,0
1,0
42,0
104,25
32,0
82,0
68,0
41,0
58,0
27,0
33,1
16,0
68,0
53,0
12,0
3,0
30,0
109,1
20,0
3,0
78,0
4,0
30,0
76,0
13,0
17,0
35,0
8,0
55,0
13,0
29,0
36,0
14,0
11,0
1,0
43,0
20,0
22,0
9,0
48,0
17,0
16,0
11,0
6,4
22,0
44,0
30,0
40,0
14,0
1,0
11,0
6,0
33,0
48,0
13,0
9,0
226,0
30,0
10,3
8,0
22,0
2,0
11,0
30,0
17,1
2,0
1,0
21,0
95,0
19,0
4,0
6,0
10,0
9,0
31,6
7,0
33,0
2,0
23,0
42,0
92,0
11,0
11,0
80,0
2,0
3,0
33,0
63,0
21,0
12,0
125,3
29,0
11,0
29,0
63,0
99,0
3,0
47,0
55,0
22,0
3,0
27,0
30,0
57,0
3,0
31,1
23,0
22,0
76,0
42,2
121,0
39,0
18,0
5,0
20,0
29,0
6,0
9,0
15,0
33,1
102,0
7,1
82,0
0,0
122,0
51,0
4,0
30,0
5,0
101,0
63,0
28,0
6,0
56,0
14,0
22,0
1,0
45,0
109,0
44,1
64,0
2,6
55,0
70,0
15,0
32,0
34,0
12,0
21,0
6,0
60,0
46,0
153,0
48,0
12,0
22,0
75,0
19,0
15,0
6,0
44,0
15,0
17,1
0,0
20,0
44,0
23,1
121,0
55,0
30,0
26,0
36,0
43,0
34,0
7,0
18,1
9,0
43,0
3,0
22,0
12,0
37,0
17,0
20,0
55,0
99,0
10,1
19,0
10,0
4,0
50,0
13,0
48,0
9,0
57,0
27,0
33,0
49,1
58,0
17,0
29,0
13,0
21,0
7,0
17,0
43,0
172,0
58,0
17,0
4,0
37,0
20,0
3,0
5,0
1,0
3,0
44,0
8,4
3,0
4,0
28,0
6,0
29,0
183,0
15,0
13,0
3,0
23,0
49,0
13,0
12,0
4,0
28,0
29,1
5,0
20,0
219,0
13,0
24,0
95,0
0,0
21,0
29,1
9,0
6,0
6,0
2,0
25,0
41,0
71,0
28,11
58,0
1,0
31,0
2,0
27,0
0,0
7,0
35,0
0,0
37,0
4,0
0,0
17,0
109,0
57,0
3,0
12,0
1,0
11,0
9,0
21,0
111,13
2,0
26,0
35,1
16,0
3,0
100,0
253,1
4,0
6,0
23,0
32,0
33,30
26,0
64,0
101,0
20,0
32,0
35,0
5,0
1,0
54,0
101,0
39,0
20,0
68,0
27,0
8,0
45,0
272,5
50,0
13,0
7,0
37,0
57,0
14,0
18,4
6,0
28,0
28,0
1,0
24,0
69,0
5,0
47,0
34,0
27,0
6,0
72,0
28,1
7,0
7,0
37,0
82,3
25,0
4,0
14,0
121,0
14,0
13,0
57,0
34,0
15,0
7,0
5,0
28,0
12,0
10,0
43,0
11,5
11,0
16,0
7,0
25,0
40,0
142,0
8,0
27,9
2,0
0,0
18,0
5,0
120,0
49,0
31,0
18,0
2,0
34,0
76,0
26,1
39,0
22,0
12,0
48,0
68,0
30,0
19,0
10,0
32,0
9,0
44,0
12,0
14,0
50,0
51,0
9,0
30,0
61,0
30,0
82,0
51,1
34,0
17,0
6,0
21,0
42,0
106,0
12,3
16,10
29,0
77,0
3,0
1,0
6,0
1,0
24,0
24,1
72,0
42,0
2,0
39,0
2,0
13,0
114,0
105,0
156,0
27,0
28,0
14,0
2,0
5,0
88,0
31,0
33,0
31,0
33,0
42,0
37,0
36,0
35,0
52,0
47,24
35,0
18,0
0,0
4,0
1,0
127,0
76,0
5,0
13,0
8,0
41,19
13,0
43,0
28,0
58,0
2,0
53,0
57,0
11,0
23,0
7,0
3,0
15,0
38,0
13,0
219,0
7,0
24,0
24,0
1,0
19,0
1,0
23,0
65,0
34,0
53,0
90,0
3,0
13,0
1,0
9,0
21,0
14,0
9,0
43,0
20,0
18,0
13,0
24,0
6,0
29,0
18,0
6,0
174,0
35,0
10,0
5,0
45,0
67,0
69,0
20,0
22,0
15,0
34,0
0,0
92,0
8,0
6,0
85,0
0,0
51,0
158,0
0,0
84,1
4,0
58,0
5,0
24,0
2,0
60,0
11,0
25,0
33,0
69,0
51,0
41,0
3,0
39,0
20,0
26,0
21,0
91,0
12,0
7,0
84,0
34,1
10,0
20,0
56,0
4,0
14,0
2,0
27,0
110,0
43,0
74,0
45,0
18,0
13,0
37,0
3,0
169,0
18,0
52,0
16,0
73,0
20,7
44,0
21,0
63,0
34,0
2,0
15,0
58,0
4,0
42,0
20,0
9,0
19,0
44,0
20,0
54,0
4,0
83,0
2,0
16,0
25,0
23,1
84,0
46,0
28,0
37,31
144,0
1,0
0,0
96,0
47,0
18,0
10,0
21,0
147,0
8,0
5,2
30,0
27,0
13,2
63,0
6,0
44,1
113,0
12,16
277,0
35,2
20,0
31,0
88,0
108,0
22,0
17,0
95,0
47,7
14,1
1,0
60,22
12,0
22,0
4,0
0,0
2,0
45,0
36,0
15,0
20,0
66,0
26,0
33,0
60,0
13,0
14,0
146,0
117,0
18,0
44,0
25,0
20,0
5,1
20,0
8,0
38,0
4,21
2,0
51,0
25,0
7,0
9,0
6,0
13,0
19,0
7,5
18,2
15,0
46,0
49,0
11,8
7,0
14,0
95,0
20,0
41,0
0,0
5,0
45,0
28,0
45,0
45,0
49,21
41,0
43,0
8,11
35,0
14,2
4,0
15,0
15,0
62,0
1,0
16,0
66,0
3,3
19,0
13,0
19,0
12,0
8,0
13,3
1,0
40,0
25,4
2,0
44,0
9,0
28,0
21,0
27,0
15,4
25,0
21,1
143,0
66,0
82,0
15,0
7,0
2,0
14,0
16,0
8,0
63,0
51,0
6,0
27,0
15,0
221,0
42,0
22,0
56,0
10,0
2,0
27,0
40,0
91,0
11,0
21,0
25,0
9,0
54,5
27,0
12,0
34,1
76,0
1,0
26,0
14,0
3,0
37,0
11,0
63,0
44,0
56,0
13,0
25,0
56,0
39,0
4,0
64,0
14,0
42,0
0,0
30,0
65,0
12,0
61,0
36,0
55,0
67,0
65,0
82,0
6,0
6,0
28,0
5,0
3,0
37,0
135,0
72,0
69,0
13,0
21,0
29,1
147,0
165,0
55,0
10,0
53,0
22,0
95,0
1,0
31,0
0,0
8,0
3,0
156,0
8,0
4,0
74,0
33,0
24,0
16,0
126,0
6,0
16,0
15,0
47,0
58,0
87,0
27,0
3,0
43,0
148,0
1,0
59,0
29,0
1,0
29,0
9,0
14,0
82,0
13,0
10,0
36,0
13,0
50,0
11,0
8,0
90,0
18,0
82,0
28,0
84,0
1,0
31,0
112,0
36,0
15,0
95,0
36,0
0,0
18,0
23,0
56,0
3,0
0,0
0,0
36,0
41,0
13,0
4,0
13,0
58,0
51,0
19,1
174,7
23,0
12,0
51,1
24,0
10,0
43,0
9,0
20,0
37,0
0,0
11,0
24,0
0,0
20,0
34,0
46,0
72,0
31,0
13,0
15,0
124,1
31,2
18,1
77,0
33,0
11,0
7,0
20,0
14,0
3,0
70,0
176,0
28,0
11,0
9,0
87,0
3,0
11,0
40,0
15,0
17,2
29,0
42,0
52,0
8,0
5,0
9,0
14,0
3,0
64,0
9,0
10,14
160,0
11,0
24,0
128,0
44,0
9,0
13,0
103,1
1,0
1,0
66,0
1,0
111,0
19,3
90,0
6,0
74,0
46,0
52,0
6,0
67,0
2,0
24,0
15,0
8,0
70,0
35,1
5,0
12,0
16,0
69,3
11,0
39,0
27,0
44,5
36,0
22,0
32,2
25,0
43,0
1,0
2,0
89,0
15,0
78,0
4,0
37,0
16,0
54,0
0,0
31,0
12,0
69,0
40,19
21,0
6,0
66,0
18,0
183,0
20,0
108,12
22,0
34,0
2,0
7,0
35,0
6,0
50,0
22,1
44,0
35,0
22,0
22,1
34,0
4,0
285,0
13,1
14,0
10,0
57,0
43,0
0,0
40,0
53,0
0,0
11,0
2,0
15,0
0,0
18,0
101,0
55,0
44,0
67,0
25,0
29,0
3,0
3,0
7,0
3,0
36,19
25,0
88,0
188,5
39,0
80,0
21,0
14,0
51,0
3,0
48,0
11,0
0,0
13,0
8,0
83,0
8,0
24,0
37,0
2,0
51,0
43,0
76,0
18,0
35,0
3,0
3,0
28,2
29,0
15,0
1,0
52,0
9,0
14,0
66,0
43,0
1,0
7,0
4,0
99,0
20,0
43,0
67,0
5,0
42,0
23,2
29,0
88,0
30,0
14,0
68,0
1,0
211,0
25,0
12,0
93,0
91,0
73,0
72,0
3,0
89,0
1,0
43,1
79,0
41,0
40,0
2,0
34,0
13,0
41,0
12,0
15,0
27,0
144,0
10,0
36,2
32,0
63,0
5,0
26,0
7,0
10,0
56,0
22,0
2,0
31,0
20,0
39,0
7,0
4,0
113,0
21,0
59,0
33,0
117,1
105,0
16,0
56,0
95,0
30,0
63,0
26,0
22,0
15,0
58,0
14,0
11,12
50,0
104,0
4,0
129,0
7,0
46,0
51,0
9,0
25,0
49,0
69,0
39,1
1,0
37,0
26,1
164,0
7,0
2,0
7,0
2,0
25,0
3,0
1,0
24,0
40,0
7,0
6,0
5,0
28,0
44,0
107,2
18,0
6,0
82,0
6,0
24,0
65,0
21,0
29,0
55,0
12,0
9,0
35,0
13,0
20,0
16,1
79,0
47,0
2,0
20,0
28,56
12,0
37,0
38,0
29,0
2,0
1,0
9,0
70,0
0,0
46,0
8,0
12,0
0,0
122,0
17,0
15,0
13,0
201,0
20,0
51,0
11,0
2,0
5,0
158,0
4,1
146,0
127,0
36,2
11,0
10,42
21,1
5,0
10,3
1,9
17,0
0,0
33,0
78,0
13,0
12,0
7,3
0,0
65,0
47,0
38,0
13,0
27,26
13,0
24,0
110,9
102,0
6,0
127,11
3,0
0,31
7,0
41,0
4,0
35,1
67,0
102,0
52,1
4,0
4,0
7,0
44,0
16,0
33,0
2,0
3,0
0,0
10,0
0,0
41,0
60,0
7,0
62,0
78,0
100,0
2,0
55,1
175,0
37,0
1,0
5,0
48,0
80,0
84,0
20,0
3,29
19,0
0,39
32,0
31,0
21,0
72,0
17,0
34,0
45,0
0,0
2,0
92,0
214,0
12,0
19,0
0,0
87,0
19,0
58,0
13,0
19,2
59,0
76,0
24,0
20,0
42,0
7,0
90,0
22,0
138,27
0,0
7,0
2,0
147,0
73,0
22,0
24,0
34,0
30,0
4,0
30,0
22,0
1,0
15,6
0,0
2,0
5,0
41,0
8,0
22,0
41,0
2,0
49,0
23,0
16,0
21,0
40,0
126,0
10,0
23,0
111,0
5,3
4,0
52,0
50,0
29,0
23,0
3,5
3,0
28,0
28,0
7,0
0,0
17,0
55,0
72,0
5,0
102,0
77,0
12,0
33,0
16,0
0,0
23,0
30,0
40,4
114,5
3,32
4,0
33,0
1,17
40,2
2,0
10,0
17,0
55,0
9,0
42,0
10,0
56,0
89,0
26,0
0,6
0,12
59,0
1,0
30,0
14,0
40,0
77,0
16,0
1,0
38,0
47,0
20,0
1,0
32,0
47,0
36,0
35,0
11,0
45,0
8,0
153,4
44,1
74,0
33,0
3,0
7,0
27,0
67,0
22,0
57,0
22,0
9,0
48,0
158,0
12,0
3,0
27,0
18,0
19,0
14,0
4,26
18,0
62,0
9,0
0,2
15,0
113,0
43,0
8,0
8,0
13,0
128,0
2,0
110,0
16,0
38,0
24,0
9,0
10,0
1,0
7,0
27,0
8,1
44,1
5,0
44,0
1,0
7,0
27,0
60,2
41,0
0,24
4,0
2,5
4,0
51,0
17,0
12,0
21,0
33,0
46,0
64,0
28,25
175,0
37,0
22,0
90,0
22,0
51,0
45,0
32,0
8,0
7,0
2,0
0,66
56,0
41,0
15,0
20,0
19,0
4,0
12,0
21,0
2,0
41,0
20,0
27,0
110,0
1,0
221,1
20,0
117,0
30,3
21,1
116,0
33,0
9,8
32,0
5,0
137,0
36,0
12,0
61,25
11,0
14,0
0,0
2,0
37,0
34,0
17,0
19,0
11,0
15,0
75,0
2,0
9,0
7,0
18,0
160,0
0,83
13,0
18,0
9,0
178,0
5,0
27,0
117,0
3,0
35,0
6,0
11,0
5,0
14,0
5,0
146,1
25,0
33,0
91,0
23,0
26,0
1,0
46,27
53,0
15,0
0,3
17,0
47,0
21,0
153,0
37,4
3,0
42,0
32,0
31,0
9,0
45,0
16,0
50,0
8,0
52,0
27,0
94,0
29,0
63,3
12,0
10,0
12,1
35,0
24,0
38,0
14,0
10,0
53,0
17,0
1,8
3,0
43,0
45,0
10,0
71,0
18,0
31,0
94,0
16,0
90,0
4,0
67,0
50,0
3,1
33,0
69,0
101,0
15,0
20,0
26,0
0,28
1,0
37,0
5,0
40,0
6,0
52,0
9,0
23,0
3,2
22,0
10,2
38,0
20,0
1,0
26,0
7,0
13,0
50,0
11,0
61,0
52,0
30,0
1,0
9,6
32,0
1,0
65,0
30,0
54,0
8,1
45,0
15,0
10,0
5,0
16,0
77,0
42,0
66,0
5,0
6,3
37,0
1,0
18,0
209,0
20,0
29,0
8,0
8,0
40,0
543,0
43,0
2,0
67,0
45,2
13,0
27,1
14,0
71,0
0,76
5,0
11,0
14,0
59,0
137,0
21,0
50,0
104,0
4,0
44,0
75,0
8,0
28,0
47,7
31,4
22,0
14,0
62,0
25,0
145,0
35,0
60,7
485,0
48,0
10,0
67,0
12,0
7,1
77,0
54,0
6,5
29,0
4,0
38,0
2,0
3,1
13,0
51,0
16,0
10,0
12,0
8,0
86,1
43,36
43,2
41,0
77,0
34,0
75,0
114,0
9,0
19,0
14,0
0,0
24,27
12,0
31,0
5,0
53,0
2,0
41,0
10,1
16,0
44,0
9,0
195,0
0,0
21,0
22,0
58,0
13,0
11,0
1,0
98,7
19,0
2,0
30,0
42,0
0,0
120,23
12,0
20,0
57,0
0,6
23,0
19,0
5,0
3,0
2,0
27,0
1,0
97,5
51,0
55,0
38,0
61,0
15,0
25,0
70,0
18,0
10,0
0,0
44,0
2,0
24,0
34,0
185,0
9,0
0,103
98,0
4,0
122,0
20,0
46,0
117,0
19,0
8,0
30,0
6,0
23,0
1,0
16,0
10,0
214,0
52,1
8,0
83,0
2,0
80,0
10,0
3,0
31,0
109,0
43,0
35,1
24,0
61,0
123,0
76,0
105,0
23,0
6,0
4,0
5,0
14,5
36,0
7,9
28,0
29,0
7,0
63,0
1,0
50,3
5,0
8,70
77,0
16,0
144,0
138,0
53,0
2,2
17,0
1,45
72,0
5,0
63,0
40,0
16,0
143,0
27,0
15,0
16,44
43,0
19,0
23,0
45,0
11,0
38,0
6,0
6,0
19,0
6,0
2,0
15,0
30,0
81,0
163,0
27,0
61,0
26,0
74,0
67,0
7,0
2,0
0,0
21,1
22,0
4,0
36,0
82,1
49,14
84,0
15,0
87,0
8,2
45,0
38,0
2,0
22,0
75,0
16,5
53,0
1,0
2,0
52,0
25,0
27,0
169,2
3,9
48,0
22,0
67,0
70,0
40,0
80,0
1,18
52,0
5,0
2,0
4,0
13,0
1,0
9,0
45,0
34,0
0,1
3,0
0,41
35,0
15,0
25,0
7,0
5,0
25,1
24,0
88,0
2,0
36,0
3,0
39,0
20,0
0,6
24,0
117,0
57,0
23,0
145,0
323,0
68,0
7,0
2,2
33,0
42,0
28,0
5,1
57,0
56,1
30,0
10,0
45,1
35,2
108,0
37,0
2,0
65,11
5,0
143,0
22,0
19,0
0,2
69,0
2,4
19,0
0,0
54,0
0,9
47,0
61,0
3,0
14,0
4,0
106,0
16,0
0,13
16,0
19,0
31,0
22,1
0,0
0,0
160,1
57,0
1,109
32,0
28,0
15,0
47,0
7,0
8,0
24,0
41,1
7,0
45,0
25,0
5,0
12,0
24,0
73,0
3,0
35,0
42,0
6,0
17,0
48,4
3,0
45,0
25,0
13,0
47,0
40,0
22,0
35,0
0,0
1,0
33,0
5,0
14,0
0,0
5,0
14,0
16,0
5,14
7,0
23,0
137,0
163,0
232,1
24,0
9,0
45,0
251,0
30,0
7,0
50,229
13,0
25,0
1,0
28,0
83,0
59,0
183,0
19,0
100,0
10,0
23,0
30,0
8,0
17,0
23,0
63,0
31,0
26,0
91,0
61,0
30,1
63,0
5,0
9,0
6,0
0,0
57,2
92,0
60,0
2,0
1,0
51,0
68,0
7,0
0,18
0,2
5,0
4,0
1,0
11,0
127,0
12,0
107,0
3,0
4,0
28,0
5,3
23,0
9,2
25,0
70,0
9,0
7,0
0,0
40,0
37,0
16,0
31,0
48,0
8,0
45,20
11,0
2,0
28,0
36,0
32,0
31,0
97,0
62,0
33,0
1,1
11,1
49,0
64,0
3,0
5,0
9,0
78,0
0,0
28,0
29,0
85,16
38,0
14,0
61,0
27,0
17,0
13,0
23,1
17,0
5,0
51,0
37,0
36,0
145,0
32,0
155,0
35,0
0,0
4,0
1,0
25,0
33,0
12,0
22,0
7,0
16,0
120,0
8,0
20,0
2,5
109,0
11,0
39,0
25,0
25,0
6,0
50,0
50,0
42,7
22,0
30,0
3,24
1,7
43,0
21,0
39,0
1,0
4,0
8,0
24,0
9,0
16,0
6,0
0,0
9,0
37,0
5,0
1,0
59,0
51,0
1,1
47,0
17,0
11,0
1,0
8,0
3,0
1,0
7,0
0,119
1,0
2,0
89,0
4,0
14,1
1,0
17,0
66,0
37,0
33,0
0,0
99,1
0,0
0,0
21,0
373,0
134,0
49,0
25,0
4,0
8,0
74,0
1,0
61,0
2,0
30,0
31,0
13,0
17,0
66,0
0,1
8,0
34,0
4,0
12,0
15,0
16,0
118,0
20,0
20,0
2,1
33,0
55,0
10,0
7,0
22,0
1,0
0,0
215,0
33,0
0,10
5,0
1,0
78,0
245,0
8,1
45,0
1,0
0,0
5,73
38,0
0,0
3,0
59,0
53,0
75,0
78,0
9,6
0,0
33,0
22,1
30,0
90,0
44,0
2,0
4,0
6,0
14,0
33,0
25,14
44,0
31,0
9,0
11,0
18,0
30,0
8,0
34,1
2,0
9,0
20,0
7,0
1,0
92,0
92,0
6,0
28,2
37,0
9,0
3,2
7,0
212,0
1,0
64,0
9,0
14,0
23,0
24,0
41,0
6,0
17,2
56,1
30,0
130,0
12,0
11,0
22,0
2,72
12,0
61,0
8,0
39,0
1,0
14,0
3,0
0,66
30,0
109,0
2,0
8,0
60,0
12,0
6,0
85,0
19,0
17,0
9,0
16,0
38,0
31,0
8,0
39,0
48,0
133,0
36,0
48,0
98,0
38,0
11,0
17,0
59,0
164,0
14,0
117,0
26,0
45,0
89,3
1,0
5,0
12,0
38,0
2,0
48,0
1,0
23,0
42,0
2,0
110,0
5,0
82,0
5,0
82,0
42,0
40,0
46,0
27,0
80,0
13,0
11,0
82,0
7,0
35,0
20,0
213,6
50,0
4,0
29,0
64,0
35,0
104,0
71,22
4,38
76,7
23,0
37,0
46,0
6,0
33,0
29,0
11,33
28,0
2,0
22,0
1,1
204,0
23,0
12,0
74,0
16,0
24,0
25,0
14,1
66,0
5,0
12,0
34,0
0,2
21,0
22,0
65,0
20,0
46,0
14,0
74,2
68,0
14,0
31,3
19,0
7,0
7,0
22,0
16,0
29,0
7,0
26,0
9,0
35,0
67,1
10,2
24,0
68,0
93,0
41,0
29,0
48,0
24,0
32,0
33,0
34,0
19,0
47,0
5,27
11,0
14,0
0,2
35,0
130,0
15,0
51,0
22,0
113,1
4,0
67,12
25,0
10,0
18,0
32,0
42,0
21,0
17,0
0,8
79,0
14,0
6,0
6,0
3,0
14,0
7,0
24,0
25,6
2,0
218,0
3,0
29,0
25,0
55,0
109,1
0,18
17,0
21,0
60,0
135,1
16,0
1,0
3,0
27,0
21,0
97,0
18,0
4,0
8,0
42,0
35,0
1,0
13,0
101,0
17,0
42,0
16,0
66,0
5,0
16,1
13,0
210,0
69,0
41,0
19,0
44,0
81,0
144,0
4,0
12,0
132,0
19,0
118,0
2,42
40,0
6,0
105,0
29,0
7,0
13,0
0,0
4,0
15,0
91,0
16,0
42,0
13,0
94,0
47,1
1,0
94,8
6,0
24,0
12,0
2,0
24,2
5,11
15,0
47,0
0,0
4,1
40,0
14,0
63,0
27,0
4,0
0,13
5,0
49,0
5,0
9,0
41,0
4,0
99,6
4,0
13,0
135,0
5,0
86,2
37,0
4,0
6,0
111,0
1,0
1,0
23,0
1,0
198,0
39,0
146,0
13,0
49,0
37,0
2,0
11,0
1,9
61,1
26,0
56,0
104,0
17,0
95,0
95,0
10,0
7,31
28,0
3,0
16,0
54,0
4,0
195,0
21,0
3,0
49,0
97,0
75,0
40,0
16,0
41,0
35,0
4,0
5,0
46,0
18,0
0,13
10,0
106,0
64,0
7,0
13,0
32,0
7,0
32,0
46,0
106,0
13,0
101,0
17,7
26,0
13,0
100,0
112,0
46,0
4,0
22,0
26,0
1,0
150,0
0,0
41,0
9,0
30,2
105,0
30,0
3,0
62,0
280,0
55,0
3,0
28,0
93,0
97,0
23,0
0,6
36,0
17,1
55,0
68,0
4,0
18,0
40,0
26,0
1,0
7,4
16,9
1,21
12,0
0,0
36,0
22,0
21,0
9,0
32,1
14,0
9,2
33,0
6,2
38,0
26,0
71,0
22,0
227,0
5,0
192,0
31,0
0,43
17,0
1,0
80,0
68,0
48,0
105,0
68,0
104,0
3,38
0,0
31,0
14,1
2,0
3,0
30,0
11,7
57,0
0,0
46,0
9,0
47,0
84,0
29,0
14,0
31,0
74,0
4,21
24,1
48,4
2,0
2,0
0,26
3,0
14,6
38,0
10,0
53,0
92,4
2,0
4,0
4,0
10,0
68,0
48,0
30,19
104,0
53,0
15,0
26,0
36,0
9,0
12,0
5,0
27,0
36,0
36,0
2,10
100,0
24,0
8,0
9,0
58,0
5,0
14,0
74,0
34,1
53,0
14,0
6,0
8,0
6,0
30,0
46,0
36,0
30,0
12,0
27,0
9,0
4,0
7,0
139,1
16,0
9,0
4,0
5,0
17,0
32,0
18,0
30,0
0,0
6,0
102,0
39,0
11,0
28,0
26,0
26,0
14,0
21,0
42,0
66,0
17,0
24,0
27,0
29,0
9,0
1,0
9,0
22,0
11,0
72,0
18,0
20,0
58,0
25,0
75,0
31,0
10,0
11,0
76,0
46,0
26,0
4,2
9,0
25,0
34,0
17,0
5,0
86,0
38,0
16,0
3,0
0,15
43,0
21,0
2,40
55,0
60,4
8,0
63,0
69,0
33,0
0,1
4,0
8,0
26,0
45,0
54,1
112,0
39,0
0,0
1,1
24,1
83,0
31,0
34,0
42,0
147,3
35,0
38,0
31,0
30,0
26,0
49,0
15,0
49,0
0,0
2,0
1,0
78,0
92,1
104,0
2,0
41,0
117,0
29,4
21,0
38,0
24,0
29,0
0,20
2,0
71,0
93,0
59,0
73,0
16,0
1,0
0,0
6,0
4,0
1,0
31,0
15,0
51,0
0,1
6,0
5,0
85,0
51,0
3,0
10,0
85,0
40,0
51,0
22,0
5,0
8,0
46,0
11,0
18,0
18,0
11,0
27,0
88,0
75,0
66,0
2,1
105,0
20,0
19,0
20,0
37,0
18,0
37,0
21,0
29,0
5,2
29,0
24,0
6,0
42,0
32,22
1,5
21,0
22,0
20,0
57,0
8,0
35,0
115,0
7,0
29,0
40,0
20,0
4,0
33,0
27,0
2,0
2,0
35,0
0,0
41,0
124,2
26,0
27,3
74,0
18,0
17,0
75,0
80,0
19,28
128,0
4,5
18,0
151,0
23,0
20,0
3,0
26,0
23,0
16,0
32,0
59,0
45,0
1,0
57,0
49,0
14,0
29,0
7,0
29,0
31,0
40,0
80,0
38,0
120,0
25,0
13,0
35,22
0,32
6,0
30,0
13,0
13,0
18,0
78,0
17,0
8,0
35,0
71,0
155,4
101,0
19,0
59,0
2,0
21,0
5,1
145,0
102,0
1,0
19,0
13,0
15,2
7,0
62,0
84,0
2,0
27,0
23,0
7,0
6,25
2,0
0,0
36,7
8,0
38,0
74,0
32,0
1,0
55,1
15,0
22,0
8,8
38,0
3,0
39,0
415,2
342,0
15,1
35,0
0,1
21,0
19,0
99,0
1,0
1,0
69,0
1,0
13,0
48,0
32,0
21,0
3,0
43,0
50,0
140,0
32,0
22,0
31,0
11,0
11,0
121,0
41,0
23,0
0,0
2,0
6,0
23,0
11,0
3,0
40,0
13,0
79,0
18,0
25,0
1,0
18,0
26,2
12,0
38,3
13,0
10,0
13,0
15,1
7,0
108,0
34,0
13,0
17,0
72,0
90,0
47,0
27,0
21,0
19,0
59,0
21,0
0,3
33,0
40,0
64,0
14,0
6,0
6,0
8,1
1,1
0,0
27,0
28,0
8,0
41,0
10,0
6,0
24,0
23,0
14,0
14,0
44,11
1,0
20,0
10,0
35,0
8,0
29,1
26,0
1,0
16,0
15,0
27,0
93,0
52,0
39,0
84,0
43,0
11,0
3,0
23,0
5,0
0,0
12,0
54,0
45,0
27,0
59,0
34,6
12,0
1,4
24,0
1,0
17,0
28,0
13,0
41,0
13,0
77,0
47,0
142,1
51,0
59,0
10,0
27,0
8,0
79,0
32,0
1,0
28,0
0,0
10,0
31,0
32,0
6,0
1,0
14,0
32,0
50,0
52,0
15,0
19,0
3,0
31,0
8,0
143,0
20,0
6,0
14,0
49,0
1,0
47,0
18,0
24,0
30,0
74,1
18,0
27,0
16,0
38,0
154,0
8,1
71,0
99,0
610,5
71,0
19,0
45,0
0,0
122,0
8,0
28,0
108,0
13,1
41,0
18,0
195,0
2,9
17,0
16,0
43,0
0,21
4,0
25,0
4,0
60,0
1,0
17,0
17,0
21,0
51,0
7,0
46,0
0,1
20,0
0,0
19,0
33,0
1,0
16,0
56,0
46,2
13,0
26,0
39,0
0,0
110,0
26,0
4,0
115,0
2,0
25,0
35,0
8,0
62,0
17,0
52,0
25,0
17,0
56,0
97,0
38,0
36,0
65,0
7,0
112,0
134,1
66,0
26,0
28,0
64,0
26,1
39,0
4,0
105,0
46,1
46,0
0,0
8,0
15,0
1,0
15,0
0,4
26,0
14,2
80,5
1,0
9,0
71,0
70,86
3,0
23,0
11,0
12,0
2,0
0,0
7,0
0,0
14,0
76,0
13,0
15,0
61,0
135,0
28,0
36,0
87,0
28,0
4,0
38,1
2,0
11,0
7,0
0,2
5,0
25,0
32,22
63,1
103,0
13,0
81,0
99,0
16,1
43,0
59,0
20,1
5,0
42,0
77,0
0,9
60,0
31,0
7,0
64,0
4,0
70,0
38,0
40,0
44,0
4,0
2,0
48,0
135,0
7,0
12,0
12,0
25,0
28,0
5,0
33,0
8,0
8,0
45,0
117,0
17,0
142,0
1,0
33,0
13,0
1,0
80,0
69,0
31,0
29,1
4,0
22,0
26,0
34,0
0,0
10,0
18,0
70,0
2,0
0,59
2,1
10,0
25,0
47,0
153,0
6,0
52,0
32,0
15,2
10,0
155,0
22,0
10,5
143,0
20,0
1,0
13,0
1,0
29,0
84,0
31,0
39,0
28,0
15,0
16,0
9,0
41,0
29,0
3,4
2,0
49,0
39,0
8,0
1,0
73,0
21,0
42,0
0,32
6,62
14,0
75,0
33,0
75,0
27,0
29,0
69,0
20,0
96,1
8,0
16,0
43,0
20,0
69,0
29,0
9,26
22,2
68,0
2,0
7,0
3,0
15,0
8,0
45,0
63,0
1,0
141,0
99,0
37,0
6,0
25,0
56,2
6,0
41,0
0,0
1,0
17,0
38,0
12,0
9,0
19,0
7,0
4,0
6,0
15,0
5,0
125,1
22,0
0,2
51,0
73,0
16,0
1,0
120,0
32,0
5,0
25,0
37,0
53,0
70,0
39,0
9,0
6,0
26,0
6,0
86,0
18,0
53,3
27,0
22,0
0,50
20,0
17,0
27,0
47,0
0,12
4,19
1,102
3,64
0,3
0,7
13,24
87,8
6,10
1,26
3,120
1,1
1,34
0,26
0,3
4,112
0,14
6,34
4,72
0,1
0,1
0,74
0,9
0,10
0,40
48,6
94,51
1,73
7,1
7,33
0,38
2,7
0,7
0,59
0,19
32,3
1,63
0,39
0,1
65,4
0,69
6,13
0,9
0,37
2,1
0,10
0,103
1,80
0,3
0,8
15,11
15,6
0,62
6,1
12,4
20,10
0,8
33,19
27,14
11,2
2,10
0,3
1,7
2,112
0,5
0,1
0,25
0,0
0,25
0,25
0,1
8,28
113,92
0,82
2,65
35,19
15,14
0,13
18,23
1,7
9,7
0,44
1,1
0,7
0,2
4,41
103,90
3,9
0,169
0,1
74,13
10,11
0,32
15,36
0,6
0,35
0,1
173,19
8,8
0,56
0,7
2,6
8,8
19,6
1,2
2,45
35,4
0,16
0,13
0,2
1,17
1,32
0,20
6,4
0,62
31,6
2,211
0,1
0,1
0,20
5,59
0,4
2,6
0,73
1,9
4,1
0,33
28,11
2,8
33,30
4,5
272,5
0,21
0,43
2,44
0,1
0,4
4,5
0,27
47,24
41,19
5,62
3,8
1,26
0,8
0,14
37,31
15,20
1,23
60,22
0,2
0,78
0,2
0,1
18,29
4,21
11,8
49,21
39,5
13,3
0,3
0,80
0,65
1,162
0,1
15,4
0,2
0,96
0,26
0,32
0,16
0,15
0,31
44,5
40,19
0,50
0,12
0,17
36,19
0,12
3,29
0,29
0,47
11,12
3,2
0,3
0,13
3,20
1,5
0,23
1,12
2,62
0,0
4,28
3,5
0,2
0,24
0,5
65,29
0,50
0,64
3,73
4,21
0,3
2,79
0,16
1,30
14,13
14,14
1,40
0,5
1,4
4,7
1,43
0,64
6,71
7,4
0,21
0,10
0,3
1,37
7,30
40,11
0,3
29,14
1,27
0,45
0,2
1,9
0,1
216,24
6,13
10,11
8,3
7,104
160,30
265,34
1,94
1,8
11,9
0,8
0,39
36,10
2,12
0,68
37,19
0,14
0,36
22,35
44,15
0,54
0,6
0,53
1,4
0,12
7,2
46,23
0,8
1,5
0,42
0,0
0,22
2,7
2,14
3,17
37,7
0,87
6,79
0,94
0,2
0,1
4,39
46,30
0,14
0,1
0,7
0,11
100,30
10,7
17,9
0,1
2,16
0,25
0,17
2,4
0,8
0,1
0,26
1,9
13,7
0,58
29,36
0,7
0,30
0,154
0,4
1,12
0,5
0,20
2,11
0,17
13,18
19,12
3,40
74,1
107,17
0,2
4,5
3,27
11,16
0,152
0,9
11,39
2,3
19,6
0,5
0,147
0,1
3,2
0,2
0,9
4,31
4,5
0,8
0,4
0,54
0,6
1,128
1,1
16,8
3,9
0,26
8,7
3,58
0,7
0,6
49,34
4,4
1,5
11,3
8,14
1,132
4,0
3,7
0,7
171,175
3,17
5,33
142,2
4,2
53,9
7,14
0,82
0,38
0,31
0,2
13,14
29,27
0,4
2,7
21,4
0,38
2,43
0,0
122,71
11,2
0,2
3,23
7,24
0,21
1,134
0,15
0,3
9,11
0,7
3,23
24,5
0,46
0,0
24,14
0,3
0,36
1,1
7,3
0,6
1,4
0,42
0,0
1,2
18,16
0,56
4,21
3,24
0,29
1,1
0,5
3,3
0,34
3,9
2,14
0,3
1,36
22,3
0,24
3,172
6,103
1,27
63,66
1,2
20,4
0,5
55,52
1,8
26,18
0,17
0,6
0,45
0,25
18,7
2,100
50,34
0,57
0,2
0,2
1,3
0,15
9,8
13,7
0,0
59,12
0,34
4,4
1,144
7,23
0,58
0,25
0,15
0,9
0,4
3,34
0,0
112,117
38,14
1,94
0,19
2,5
0,2
11,27
11,69
37,37
0,19
2,16
0,1
0,8
3,14
0,51
25,18
0,0
1,47
4,4
0,22
0,2
0,37
13,2
32,3
0,12
1,113
97,35
0,13
1,68
0,5
4,9
23,39
0,40
3,2
3,2
22,10
0,6
88,43
0,9
0,26
59,9
39,7
30,23
0,1
0,16
16,3
0,39
1,1
6,5
1,1
0,3
0,123
93,6
2,26
0,30
1,6
43,62
6,297
0,51
0,26
0,1
0,39
2,3
2,1
0,1
0,6
21,50
65,33
44,3
0,4
0,11
0,6
0,102
0,21
8,1
0,4
0,70
38,12
0,58
0,19
152,111
3,25
12,8
0,1
2,97
0,2
0,21
0,2
1,14
3,10
3,56
0,5
2,11
9,12
14,25
30,108
0,89
42,8
0,2
41,8
2,89
0,5
2,32
2,130
0,33
12,3
1,14
0,32
6,36
1,2
4,7
2,82
1,101
0,38
0,6
0,17
0,5
3,9
2,13
1,4
56,21
107,97
0,38
79,4
0,2
1,68
0,6
0,68
2,53
8,8
0,93
0,72
22,47
134,72
11,54
1,8
0,1
3,6
2,10
0,11
0,38
1,40
0,4
0,13
0,17
8,76
0,8
0,9
4,16
1,2
3,96
2,37
39,16
1,76
6,11
32,16
47,1
2,22
3,33
2,1
0,3
4,7
0,0
9,36
2,7
0,8
3,12
15,2
0,20
0,64
0,9
0,18
14,64
0,5
3,77
6,5
17,8
0,2
0,11
0,33
0,34
0,6
18,9
0,1
5,11
1,43
7,23
22,50
7,27
33,4
5,3
0,53
2,9
31,17
19,18
1,20
50,27
0,1
0,15
0,2
1,16
14,12
5,27
0,18
19,6
0,9
5,2
3,75
0,38
1,27
1,1
0,35
18,6
2,5
128,58
0,8
2,28
1,43
5,42
2,34
1,19
0,74
0,34
0,17
19,7
36,28
39,0
80,0
22,0
30,108
1,0
5,0
7,0
96,20
13,0
7,0
27,0
54,0
102,0
23,0
59,0
1,0
67,0
9,0
7,0
4,0
4,0
11,0
3,0
42,8
17,0
1,0
11,0
65,0
1,0
0,0
10,0
9,0
51,1
78,0
1,0
94,0
41,8
16,0
97,0
38,2
40,0
0,0
51,0
7,0
10,0
123,0
21,0
25,0
16,0
30,2
30,0
7,0
29,0
29,0
108,0
48,0
57,0
9,0
140,0
14,0
21,0
25,0
27,0
93,0
1,0
26,0
17,0
1,1
16,0
14,0
46,0
7,0
81,0
19,0
4,0
74,0
16,1
24,0
35,0
46,0
0,0
8,0
20,0
144,0
8,0
38,0
3,0
7,0
10,0
20,0
0,0
12,3
8,0
8,0
67,0
6,0
64,0
82,0
92,0
1,0
4,0
69,0
0,0
24,0
1,0
0,0
1,0
31,0
33,0
3,0
68,0
32,0
0,0
93,0
36,0
11,0
48,0
47,0
85,0
80,0
25,0
36,0
2,0
1,0
27,0
8,0
7,0
192,0
6,0
54,0
51,0
33,0
68,0
22,0
66,0
12,0
100,0
46,0
56,0
9,0
11,2
28,0
23,0
55,0
112,0
18,0
68,0
18,0
35,0
9,0
67,0
17,0
55,0
49,0
59,0
42,0
65,0
81,0
19,0
28,0
25,0
9,0
23,0
0,0
117,0
1,0
16,0
75,0
25,0
27,0
0,0
14,0
0,0
49,0
35,0
13,0
23,0
99,0
5,0
73,1
1,0
22,0
17,0
17,0
10,0
78,0
75,0
6,0
25,0
31,0
10,0
76,0
4,0
7,0
7,0
12,0
28,0
93,0
58,2
17,0
54,0
138,0
2,0
108,0
10,0
49,0
13,0
21,0
5,0
62,0
116,0
37,0
13,0
13,0
21,0
9,0
11,0
3,0
28,0
32,0
17,0
65,0
15,0
30,0
72,2
62,0
7,0
46,0
26,0
44,0
6,0
26,0
14,0
24,0
50,0
5,0
28,0
12,0
52,0
28,0
22,0
2,0
13,0
19,0
177,0
14,0
0,0
28,0
81,0
16,0
3,0
125,0
63,0
22,0
1,0
60,0
4,0
1,0
138,0
24,0
107,0
275,1
4,0
2,0
33,0
16,0
7,0
36,0
52,0
69,0
41,1
0,0
25,0
24,0
0,0
11,0
13,0
4,0
30,0
70,0
42,0
17,0
1,0
10,0
18,0
37,0
31,0
58,0
12,6
27,1
87,0
38,8
73,0
29,0
37,0
1,0
6,0
64,0
227,0
14,0
3,0
88,10
97,0
23,0
2,0
5,0
35,0
9,0
4,0
37,0
26,0
0,0
1,0
15,1
137,0
23,0
29,0
75,0
81,0
3,0
64,0
42,0
7,0
5,0
11,0
13,0
23,0
0,0
34,10
101,1
41,0
9,1
0,0
48,8
57,0
114,3
11,0
2,0
58,1
1,0
2,0
133,0
15,0
5,0
9,0
62,0
179,4
88,0
11,0
3,0
22,0
32,0
2,0
20,0
53,0
17,0
27,0
4,0
111,1
103,0
13,0
58,0
58,0
48,0
85,0
7,0
122,0
35,2
107,0
81,0
5,0
47,0
47,0
6,0
29,1
59,0
97,0
20,0
128,0
7,0
102,0
32,0
39,0
21,0
7,0
46,0
58,0
45,0
15,0
33,0
24,1
171,0
24,0
21,0
6,0
29,0
9,0
15,0
52,0
1,0
47,0
22,0
10,0
33,0
11,0
39,0
1,0
114,0
9,0
12,0
25,0
9,0
93,18
17,0
36,0
3,0
8,0
0,0
40,0
26,0
48,0
175,0
40,1
15,0
65,1
59,0
46,0
23,0
9,0
56,21
2,0
4,0
106,0
83,0
2,0
27,0
108,0
45,0
34,0
16,0
9,0
3,0
80,0
64,0
37,0
90,0
4,0
36,0
21,0
107,97
4,0
130,0
26,0
82,0
20,0
22,0
47,0
54,0
1,0
60,2
19,1
45,0
25,0
3,0
127,0
42,0
22,0
5,0
18,0
24,0
2,0
11,1
84,0
28,0
17,0
20,0
82,0
27,0
55,0
47,5
42,1
74,0
13,0
25,0
28,0
79,4
79,0
20,0
6,0
48,0
28,0
27,0
148,0
13,0
5,0
51,0
107,0
74,0
92,0
29,0
23,2
50,4
52,0
14,0
3,0
9,0
24,0
17,0
72,0
68,0
69,0
155,0
6,0
1,0
6,0
35,0
28,11
3,0
19,0
73,1
24,0
55,0
17,0
59,0
1,0
24,0
58,1
8,0
8,8
157,0
2,0
74,0
254,1
1,0
31,0
18,0
10,0
78,0
43,0
248,0
11,0
50,0
119,0
19,0
20,0
12,1
19,0
59,0
24,0
18,0
27,0
23,1
19,0
4,0
10,0
29,0
172,0
31,0
16,0
104,0
5,0
165,0
5,0
12,0
0,0
33,0
12,0
53,0
1,0
15,0
0,0
149,0
10,0
61,0
58,0
43,0
64,0
170,1
83,0
57,0
14,2
134,72
11,54
1,0
92,2
17,0
17,0
176,3
34,0
21,0
60,1
29,0
5,0
12,0
13,0
54,0
8,0
35,0
24,0
33,0
15,0
10,0
11,0
91,0
0,0
104,0
14,0
36,0
29,0
8,0
7,0
23,0
6,0
28,0
27,0
1,0
42,0
15,0
19,0
19,0
68,0
28,0
23,0
15,0
50,0
9,0
1,0
17,0
17,0
7,0
28,3
34,0
0,0
0,0
53,0
6,0
17,0
11,0
47,0
118,0
26,0
10,0
13,0
4,0
14,0
35,0
5,0
16,0
6,0
31,0
48,0
11,0
162,9
77,0
7,0
79,0
142,0
22,0
26,0
30,0
7,0
37,0
15,0
9,0
46,0
41,0
3,0
27,0
14,0
41,0
44,0
23,0
30,0
36,1
4,2
23,0
80,0
101,0
5,0
16,0
12,0
48,0
76,0
13,0
39,0
40,0
68,0
1,0
4,0
32,0
2,0
18,0
45,0
8,0
22,0
4,0
5,0
1,0
11,0
30,0
4,0
190,0
14,0
4,0
51,0
0,0
48,0
26,0
55,0
118,0
16,2
25,0
38,0
64,1
2,0
87,0
25,0
6,1
27,0
26,0
106,0
11,0
52,0
62,0
64,0
18,0
7,0
26,0
6,0
71,4
25,5
2,0
7,0
58,0
15,0
20,0
3,0
57,0
12,0
66,0
25,0
67,0
32,0
28,0
7,0
79,0
24,0
120,0
57,0
8,0
40,0
1,0
7,0
26,0
5,0
15,0
9,0
25,0
37,3
50,0
20,0
6,0
83,0
1,0
10,1
19,0
1,0
0,0
29,0
26,0
68,0
9,0
105,0
26,0
37,0
96,0
5,0
43,0
49,0
1,0
24,0
13,0
4,0
37,0
33,0
46,0
0,0
31,0
44,0
58,0
38,0
52,0
10,0
15,0
11,0
2,0
15,0
5,0
75,0
33,0
98,0
53,0
18,0
9,0
13,0
14,0
51,0
50,0
16,0
5,0
8,0
11,0
11,0
25,0
1,2
5,0
78,0
140,1
154,0
56,0
42,0
56,0
3,0
45,0
366,0
4,0
16,0
57,0
1,0
0,0
33,0
243,0
44,0
67,0
1,0
45,0
65,0
35,0
4,0
15,0
26,0
21,0
2,1
6,0
26,0
27,0
28,0
37,0
39,16
6,0
51,0
9,0
2,0
9,0
7,0
23,0
0,0
22,0
11,0
11,0
42,3
30,0
26,0
45,0
19,0
11,0
186,4
109,0
11,0
51,0
24,0
1,0
88,0
30,0
40,0
15,0
35,0
1,0
23,0
0,0
0,0
7,0
3,0
6,11
76,0
60,0
11,0
78,32
2,0
68,0
47,0
68,0
35,0
111,0
28,0
79,1
15,0
4,0
5,0
4,0
28,0
78,0
232,0
5,0
78,0
52,0
31,1
33,0
23,1
43,0
22,0
6,0
39,0
11,0
41,0
31,0
57,0
36,0
18,2
7,0
11,0
140,0
1,0
3,0
40,2
25,0
22,0
5,0
30,0
10,0
20,0
94,0
31,0
31,0
83,0
57,0
39,0
7,0
0,0
9,0
44,0
17,0
13,0
6,0
73,3
34,0
22,0
1,0
41,0
15,0
69,0
2,0
1,0
12,0
47,1
9,0
0,0
19,0
1,0
7,0
26,0
13,0
11,0
38,0
20,0
15,0
12,0
14,0
74,0
15,0
24,0
25,0
10,0
28,0
102,0
61,0
10,0
2,0
4,0
2,0
55,0
19,0
11,0
29,0
16,0
98,0
19,0
6,0
163,0
70,1
9,0
36,1
2,0
6,0
3,0
2,0
5,0
84,0
72,0
23,1
13,0
24,0
20,0
7,0
9,0
7,0
2,0
59,2
4,0
324,0
14,0
53,0
67,0
1,0
20,0
47,0
38,0
67,0
57,1
34,0
5,0
54,0
0,0
1,0
10,0
10,0
3,0
36,0
35,0
10,0
39,0
15,0
0,0
46,0
20,0
2,0
15,0
71,0
113,0
33,0
138,1
61,0
30,0
8,0
1,0
217,13
9,0
39,2
40,0
95,0
5,0
16,0
76,0
36,0
50,0
7,0
143,0
8,0
98,0
7,0
24,0
74,0
6,0
89,0
44,0
3,0
181,0
14,0
11,0
44,0
14,0
509,0
36,0
6,0
33,1
26,0
2,0
5,0
17,0
0,0
11,0
4,1
76,0
11,0
20,0
2,0
62,0
24,0
32,0
19,0
31,1
34,0
34,0
36,0
23,0
71,0
28,0
29,0
5,0
11,2
10,0
6,0
1,0
12,0
17,0
27,0
15,0
123,0
19,0
2,0
98,0
3,0
4,0
14,0
130,0
1,0
0,0
26,0
37,0
21,0
39,0
57,0
22,0
18,0
22,0
62,0
50,0
32,0
7,0
104,0
5,0
49,0
7,0
78,0
37,0
174,0
0,0
54,0
4,0
73,0
14,0
1,0
1,0
22,0
59,0
109,0
6,0
31,0
37,0
108,0
16,0
18,0
106,0
73,13
12,0
5,0
9,0
9,0
33,0
16,0
58,0
6,0
14,0
0,0
4,7
1,0
57,0
1,0
24,0
148,0
28,5
38,0
23,0
52,0
33,0
79,0
5,0
57,0
975,1
35,0
52,0
162,0
14,0
18,0
3,0
0,0
34,1
2,0
2,0
19,0
41,0
95,0
16,0
10,0
154,0
45,0
42,0
26,0
3,0
22,0
84,0
30,0
67,0
16,0
11,0
101,0
46,0
62,0
34,0
2,0
90,0
6,0
2,0
41,0
47,0
67,0
0,0
12,0
19,0
10,0
79,0
0,0
15,2
11,0
11,0
27,0
113,0
0,0
122,0
31,1
10,0
203,0
38,0
68,30
40,6
26,0
15,0
12,0
40,0
6,0
9,1
11,0
7,0
0,0
15,0
5,0
25,0
25,0
31,0
115,0
0,0
21,0
37,0
153,1
26,0
71,24
13,0
14,0
53,0
11,0
1,0
13,1
67,0
57,0
36,0
31,0
76,0
0,0
2,0
17,0
94,0
19,0
7,4
4,0
98,0
65,0
7,0
35,0
128,0
1,0
98,0
69,2
30,0
146,0
0,0
25,2
19,0
25,2
6,5
9,0
37,0
11,0
18,0
3,0
21,0
26,0
24,0
16,0
1,0
103,4
4,0
42,0
41,0
38,0
121,0
58,0
85,0
59,0
12,0
3,0
50,0
42,0
33,0
26,0
38,0
37,0
7,0
7,0
9,0
8,0
81,0
39,1
9,0
1,0
0,0
70,0
27,0
13,0
62,0
2,0
12,0
70,0
40,0
7,0
15,0
31,0
15,0
19,0
35,0
46,0
3,0
28,0
2,0
35,0
65,0
10,0
0,0
23,0
135,0
55,0
126,0
0,0
13,0
19,0
10,0
36,0
5,0
11,0
39,0
21,0
33,0
64,3
83,0
29,0
100,0
266,3
4,0
1,0
43,0
90,0
20,0
13,0
43,0
1,0
14,0
8,0
11,0
84,0
7,0
80,0
55,0
11,0
49,0
38,0
40,0
0,0
23,0
7,0
19,0
55,0
45,0
149,0
13,0
212,0
70,0
45,0
16,0
20,0
95,0
1,0
67,0
9,0
138,0
2,0
52,0
2,0
67,0
0,0
42,0
11,0
64,0
16,0
7,0
17,0
11,0
36,0
4,0
18,9
2,0
18,0
8,0
5,0
18,0
87,1
6,0
146,0
29,10
146,0
90,0
124,0
56,1
22,0
12,0
46,0
109,0
37,2
23,0
31,0
0,0
2,0
46,0
38,0
47,38
4,0
30,0
13,0
72,0
29,0
7,0
7,0
28,0
39,0
16,0
65,0
16,0
69,0
69,0
62,0
39,0
47,0
74,0
23,0
22,50
29,0
14,0
6,1
27,0
28,0
21,0
28,0
34,1
22,0
23,0
0,0
100,0
22,6
1,0
46,0
118,0
0,0
4,0
15,0
88,0
32,0
13,0
2,0
2,0
195,0
58,0
10,0
63,0
100,0
53,0
124,0
86,0
83,1
98,0
30,0
21,1
1,0
6,0
9,0
6,0
1,0
18,0
18,0
42,0
22,0
17,0
74,0
30,0
33,0
7,0
45,4
19,0
18,0
33,4
95,0
95,0
7,0
21,0
15,0
48,0
4,0
6,0
6,0
31,0
10,0
19,0
8,0
5,3
83,0
34,0
33,4
66,1
13,0
34,0
13,0
55,0
69,0
11,0
30,0
1,0
1,0
14,0
115,0
23,0
69,0
7,0
7,0
3,0
9,0
62,0
42,0
16,0
42,0
88,0
34,0
66,0
21,0
7,0
10,0
61,1
43,0
14,0
49,0
24,0
69,0
110,0
83,0
23,0
4,0
41,0
11,0
5,0
31,17
20,0
43,0
2,0
34,0
19,0
10,0
1,0
5,0
2,0
1,0
75,0
44,0
26,0
6,0
80,0
8,0
20,0
51,0
28,0
33,0
62,0
4,0
11,0
40,12
13,0
55,0
69,0
4,0
7,0
190,0
20,0
56,0
5,0
104,0
5,0
18,0
29,0
20,0
1,0
105,0
8,0
8,0
10,0
19,18
4,0
1,0
69,0
74,0
7,0
6,0
3,0
1,0
1,0
95,0
30,0
12,0
9,0
29,0
52,0
114,0
0,0
39,0
13,0
4,0
124,0
37,4
33,0
84,0
63,0
1,0
13,0
12,0
5,0
4,0
28,0
28,0
63,0
61,0
59,0
69,0
1,0
50,27
132,0
24,0
21,0
47,0
66,0
24,0
13,0
5,0
10,0
4,0
144,0
39,0
6,0
32,0
42,2
19,0
4,0
32,0
19,0
27,0
48,0
24,0
206,0
1,0
41,0
28,0
46,0
174,0
31,0
136,2
14,0
2,0
80,2
55,0
11,0
177,0
0,0
72,0
20,0
40,0
7,0
14,0
5,1
204,0
29,0
7,0
117,0
2,0
14,0
30,0
27,0
54,0
12,0
33,0
6,0
102,0
42,0
51,1
104,12
21,0
86,0
48,0
24,1
71,0
62,0
15,0
3,0
4,0
74,0
2,0
37,0
35,0
38,0
52,0
20,0
13,0
161,0
5,0
33,0
8,0
9,0
28,0
14,12
68,0
20,0
22,0
78,0
25,0
54,0
30,0
39,0
3,0
21,0
6,0
58,0
160,0
22,0
181,0
9,0
14,0
9,0
1,0
6,0
0,0
118,0
2,0
76,0
55,0
12,0
14,0
37,0
2,0
73,0
9,0
39,0
32,0
14,0
2,0
119,0
5,0
29,0
16,0
5,2
28,0
29,0
4,0
34,0
4,0
33,0
55,0
7,0
22,0
9,0
83,0
12,0
6,0
27,0
8,0
48,0
16,0
29,0
4,0
5,0
269,0
1,0
6,0
9,0
62,0
9,0
8,0
44,1
41,0
1,0
62,0
18,0
19,0
5,0
9,0
64,0
27,0
110,0
1,0
45,0
45,0
8,0
134,0
1,0
76,0
81,0
6,0
9,0
51,0
12,0
51,0
48,0
9,0
41,0
32,0
37,0
22,0
50,0
14,0
18,6
27,0
120,0
4,0
16,0
9,0
7,0
12,0
18,0
49,0
13,0
95,0
143,1
26,0
29,0
20,0
6,0
6,0
128,58
82,0
8,0
1,0
67,0
2,0
12,0
114,0
26,0
2,0
32,0
32,0
6,0
93,0
6,0
28,0
38,0
0,0
1,0
113,0
10,0
41,0
15,0
56,2
87,0
79,0
73,13
48,0
36,0
14,0
46,0
7,0
44,0
33,2
3,0
59,0
6,0
1,0
12,0
52,0
34,0
36,0
16,0
18,0
1,0
84,0
66,0
205,1
15,0
50,0
24,1
42,0
67,0
8,0
33,0
295,0
31,0
4,0
21,0
31,0
20,0
34,0
35,0
20,0
10,0
84,0
13,0
8,0
24,0
41,0
17,0
71,0
51,0
5,0
40,1
18,0
4,0
22,0
91,0
32,0
74,28
3,1
21,0
128,0
3,1
38,0
66,0
1,0
1,0
7,0
7,0
33,0
10,0
20,0
4,0
30,0
181,0
20,0
1,0
63,1
7,0
17,0
0,0
45,0
31,0
7,0
16,0
53,0
8,0
94,0
66,0
0,0
224,0
69,0
18,0
108,0
7,0
1,0
141,0
22,0
28,0
80,1
32,0
104,0
2,0
30,0
138,0
4,0
26,0
20,0
24,0
39,0
0,0
19,0
31,0
43,0
10,0
2,0
7,0
2,0
19,0
7,0
16,0
12,0
14,0
88,0
1,0
6,2
17,0
70,0
30,0
27,0
6,0
18,0
45,0
25,0
74,0
48,0
51,0
32,0
6,0
9,10
69,1
65,0
20,0
97,0
17,1
4,0
16,0
63,0
0,0
19,0
36,0
9,0
18,1
10,0
39,0
116,1
14,1
52,2
60,0
85,0
28,20
27,0
11,0
59,0
62,0
14,0
81,0
32,0
8,0
31,0
19,1
11,0
14,0
20,0
161,0
32,0
5,0
56,0
21,0
97,0
0,0
1,0
15,0
70,0
8,2
15,0
1,0
83,0
69,0
99,0
12,0
6,0
22,0
59,0
34,0
31,0
0,0
14,0
25,4
12,0
93,0
12,2
10,0
19,0
46,0
105,0
11,0
33,0
97,0
8,0
206,1
2,0
42,0
88,0
7,0
45,0
27,0
6,0
11,0
12,0
28,0
2,0
54,0
16,0
5,1
56,0
54,0
19,0
29,2
47,0
174,2
10,0
49,0
13,0
27,0
57,0
35,0
29,0
47,0
71,0
0,0
14,0
1,0
108,0
9,0
4,0
36,28
9,0
77,0
99,0
38,0
7,0
61,0
37,0
51,0
53,0
83,0
53,0
61,0
78,0
47,0
22,0
47,0
22,0
3,0
58,0
32,0
273,0
242,0
0,0
22,0
152,0
3,27
29,0
1,0
28,0
98,0
1,6
26,0
26,0
10,4
9,0
131,0
35,0
15,0
20,1
14,0
2,0
94,0
21,0
0,0
60,1
249,0
6,0
76,0
43,0
49,0
60,0
44,0
4,0
21,0
45,0
22,0
9,0
0,0
1,0
13,0
22,0
51,0
45,0
12,0
25,0
287,0
84,0
21,0
16,3
88,0
32,1
34,0
70,1
178,0
6,0
8,0
27,0
1,0
25,0
1,0
58,0
11,0
7,0
29,0
57,0
24,0
31,0
16,0
47,2
3,0
23,0
7,0
88,0
0,0
42,0
49,0
37,0
18,0
0,0
3,0
28,0
24,0
51,0
15,0
74,0
6,0
0,0
9,10
21,0
15,0
6,0
1,0
31,0
38,0
12,0
8,0
16,0
37,0
24,0
33,0
19,0
7,0
88,0
64,0
12,0
5,1
10,0
11,0
1,0
1,1
23,0
22,1
10,0
22,0
214,0
40,0
30,0
26,0
2,0
30,0
4,0
24,0
0,0
44,0
60,0
34,0
42,1
20,0
57,1
67,0
133,0
27,2
4,0
94,0
5,0
103,0
31,0
41,0
18,0
128,0
13,0
62,0
122,0
22,0
2,0
23,0
17,0
146,0
16,0
30,0
13,0
22,0
194,0
1,0
48,0
1,0
28,0
100,0
315,2
73,0
8,0
115,0
0,0
27,0
4,0
17,0
17,0
27,0
139,0
63,0
26,0
26,0
56,0
2,0
57,0
6,0
49,0
67,0
65,0
38,1
7,1
19,0
42,0
0,3
0,40
34,0
146,0
25,0
31,0
7,0
6,0
43,2
38,0
23,0
41,0
2,5
0,0
27,0
5,2
58,0
35,0
40,3
45,0
0,0
9,0
16,0
105,0
38,0
30,0
147,0
150,0
0,0
47,0
2,0
33,0
16,1
56,0
1,0
41,0
44,0
15,0
4,28
0,0
0,71
16,0
47,1
11,2
147,0
36,0
7,0
87,0
69,0
8,0
9,0
125,0
50,0
27,0
16,0
0,0
7,0
59,0
11,0
39,0
147,2
7,0
18,2
174,0
19,0
11,0
2,0
46,0
74,0
30,0
23,0
22,0
103,1
21,0
20,0
5,0
33,0
78,0
52,0
7,0
31,0
49,0
20,0
18,0
4,0
108,0
22,0
42,0
97,0
5,35
97,0
160,0
67,0
11,0
237,0
30,0
121,0
95,25
27,0
32,0
37,0
4,0
23,0
48,0
2,0
86,0
63,0
18,0
3,44
1,0
22,1
14,0
67,0
43,0
75,0
16,0
0,0
19,0
32,0
29,0
5,0
33,1
5,0
10,1
64,0
50,0
108,0
0,0
3,0
31,0
7,0
50,0
12,0
92,0
315,1
2,0
20,0
18,0
116,14
7,0
1,0
0,2
62,0
20,0
43,0
40,0
19,0
0,90
1,4
1,0
52,0
6,16
38,1
56,2
17,0
72,4
0,2
71,0
13,0
11,0
110,0
7,0
33,0
1,0
0,0
11,0
28,0
1,0
29,0
24,0
0,0
5,0
2,19
61,0
35,0
8,0
7,0
0,0
93,1
183,1
2,0
23,2
40,0
12,0
3,0
19,0
11,0
12,0
1,0
11,0
4,0
146,0
58,0
70,0
121,0
0,12
39,1
40,0
6,0
44,0
30,0
1,0
118,0
27,0
4,0
61,0
14,0
9,0
62,0
81,0
108,76
20,0
8,0
12,0
33,0
18,0
65,0
25,0
72,1
119,0
6,6
29,0
1,0
22,0
41,0
143,0
8,0
14,0
15,0
31,0
47,0
1,0
15,0
77,0
17,10
1,0
0,0
83,0
172,0
12,13
0,0
115,0
4,0
0,0
21,0
52,0
52,0
216,0
10,0
110,0
15,0
2,0
53,0
4,0
51,0
71,0
1,0
53,1
6,0
32,0
142,0
19,0
25,0
16,0
158,1
32,0
68,7
24,0
14,0
3,0
53,0
20,0
38,0
23,0
1,0
7,0
77,0
51,1
12,1
18,0
44,0
2,0
0,0
39,0
43,0
49,0
10,0
16,0
0,10
24,0
15,0
0,0
33,1
94,0
73,0
28,0
8,2
40,0
40,0
62,0
5,0
22,0
16,0
106,0
118,0
23,0
28,0
6,0
2,0
11,0
25,0
84,0
2,124
191,0
82,0
5,0
1,0
47,0
59,0
0,0
25,0
65,0
25,2
7,0
62,0
53,0
7,0
5,0
26,0
3,0
43,0
7,13
30,0
61,0
42,0
6,0
16,0
2,0
70,0
1,0
16,26
126,0
119,0
12,0
160,0
5,0
56,0
7,0
14,0
11,0
36,3
0,9
36,0
88,0
15,0
71,0
38,0
37,0
44,0
9,0
51,3
0,16
15,0
39,0
74,1
28,0
14,0
9,0
3,0
96,2
56,4
32,0
15,0
39,0
32,0
47,0
38,0
29,0
11,0
16,0
2,0
44,0
53,0
47,0
2,0
146,0
10,0
29,0
0,0
0,2
17,0
104,0
59,0
61,0
25,0
111,0
2,0
36,0
54,0
13,0
105,0
60,0
42,0
65,1
107,0
84,0
38,0
27,0
93,0
15,0
69,0
39,0
5,0
1,0
3,0
58,3
20,0
99,0
14,0
45,0
30,0
80,0
17,0
0,0
42,0
223,0
20,0
4,0
33,0
2,0
29,0
18,0
12,0
80,0
27,0
11,0
65,0
0,0
30,0
17,0
30,0
1,4
23,0
73,0
18,0
26,0
5,0
95,0
33,0
33,0
34,0
19,0
39,0
61,0
0,0
88,0
70,0
16,0
43,0
145,0
126,0
56,0
67,0
59,0
38,0
26,0
41,0
77,0
25,0
27,0
82,0
0,17
14,0
18,0
42,0
51,0
9,1
1,0
4,0
6,0
17,0
4,0
127,0
45,0
6,0
41,0
21,0
0,1
73,0
37,0
0,0
9,0
14,0
43,0
17,1
98,0
48,0
0,0
4,0
0,0
35,0
40,0
14,0
0,1
78,0
3,0
44,0
22,0
5,0
37,0
56,2
202,10
108,0
83,0
51,0
69,0
0,0
26,0
39,0
19,0
10,0
44,0
14,0
24,0
29,5
0,0
0,11
32,0
103,0
16,0
17,0
5,0
7,0
81,0
1,0
11,0
10,0
9,0
56,1
17,0
22,0
93,2
3,25
1,0
25,0
40,0
48,0
48,0
69,1
33,0
29,0
6,0
18,0
3,0
20,0
51,0
0,24
2,0
30,0
94,0
95,0
12,0
0,0
35,0
1,7
61,0
66,0
49,0
14,0
3,1
18,0
15,0
12,0
16,39
0,0
55,0
59,0
15,0
8,0
7,0
52,0
81,0
20,0
0,0
91,0
53,0
71,0
35,0
60,0
5,0
14,0
9,0
13,0
37,0
2,0
0,90
124,0
11,0
22,0
28,0
82,0
16,0
45,0
36,1
135,0
52,0
48,2
46,0
2,0
16,0
5,1
4,0
9,0
31,0
0,3
105,0
50,0
292,0
156,0
82,0
13,0
53,0
153,0
1,0
66,0
93,0
18,0
48,0
63,0
2,0
0,0
32,3
6,0
85,46
9,1
1,0
24,0
2,0
22,0
30,0
34,0
57,0
17,0
16,0
12,15
2,0
23,0
49,0
10,0
3,0
42,0
22,0
5,0
15,0
52,0
362,6
44,0
48,1
91,0
25,0
40,0
126,0
2,0
62,0
46,0
73,0
26,0
18,0
89,0
7,0
14,0
27,0
103,0
101,17
0,0
21,0
49,0
177,0
47,0
12,0
9,0
100,2
32,0
31,0
2,0
1,0
9,0
30,0
19,0
93,0
81,1
4,0
8,0
8,0
108,9
27,0
34,0
45,0
2,0
38,0
2,0
15,0
10,0
62,0
4,0
21,0
31,0
96,0
39,0
0,0
22,0
238,2
6,0
13,0
14,0
5,0
53,0
43,2
19,0
5,0
4,28
28,0
1,0
15,0
4,0
14,0
3,0
89,0
96,0
51,0
27,0
6,0
6,0
42,0
100,0
9,0
1,0
60,0
5,0
20,0
41,0
44,0
10,0
29,0
9,0
39,0
8,0
6,0
3,5
42,0
36,0
27,0
22,0
56,0
40,0
39,0
28,0
4,0
1,0
1,0
1,0
49,0
0,0
27,0
36,0
8,0
57,0
66,0
41,0
55,0
9,0
20,0
125,0
50,0
43,2
53,0
0,0
45,8
12,0
115,0
187,0
20,0
45,0
27,0
25,2
32,0
24,0
111,0
57,0
1,0
4,0
76,0
46,0
60,0
0,0
3,0
63,0
3,0
71,0
17,0
63,0
14,0
21,0
43,0
36,0
94,0
107,0
12,0
11,0
2,0
0,0
0,0
36,0
12,0
85,0
0,0
36,0
4,0
47,0
49,0
31,0
4,0
27,0
3,0
44,0
16,0
39,0
29,0
12,0
88,0
65,29
24,0
145,0
1,0
67,0
46,0
0,0
26,0
59,0
11,0
11,0
7,0
45,0
1,0
11,0
11,0
7,0
17,0
0,0
101,0
18,0
37,0
30,0
40,4
87,0
52,0
10,0
14,0
49,0
67,0
29,0
32,0
6,0
17,1
28,0
0,0
33,0
75,0
2,0
103,0
59,0
9,0
21,0
3,0
96,0
63,0
29,0
34,0
4,0
52,0
39,0
13,0
42,4
210,0
18,0
1,0
26,0
43,0
25,0
15,0
67,0
2,0
25,0
19,0
4,0
7,0
8,0
35,0
36,0
20,0
104,0
10,0
28,0
28,0
95,0
1,0
8,0
91,0
78,0
53,0
9,0
27,0
5,0
16,0
8,0
35,0
88,1
12,0
43,0
34,5
28,0
19,1
12,0
25,0
20,0
103,0
18,0
152,0
21,0
1,0
97,0
17,0
118,0
12,1
9,0
28,0
38,0
0,0
35,0
9,4
14,0
28,0
1,0
209,0
30,0
67,0
0,0
3,0
3,1
26,0
13,0
0,0
37,0
52,0
41,0
42,0
116,0
3,0
37,0
79,1
6,0
27,0
15,0
43,0
29,0
13,0
67,0
13,0
7,0
11,0
12,0
19,0
3,0
9,0
20,0
5,0
22,0
83,0
36,0
47,0
15,0
37,0
81,0
14,13
36,0
0,0
19,0
25,0
11,0
1,0
0,0
31,0
54,0
35,2
27,0
61,1
48,0
8,0
9,0
39,0
93,0
57,0
11,0
66,1
0,0
157,0
42,0
13,0
56,0
31,0
63,0
61,0
32,0
12,0
46,0
4,0
135,0
71,0
9,0
9,0
28,0
31,0
12,0
133,0
29,0
15,0
125,0
122,0
43,0
17,0
45,0
10,0
83,0
106,0
31,0
35,0
33,0
20,0
28,0
24,0
47,0
81,0
62,0
51,1
53,0
55,1
26,0
55,0
38,6
65,1
125,0
125,0
89,0
99,0
57,0
97,0
18,0
14,0
18,0
8,0
31,0
1,0
11,0
8,0
72,0
9,0
105,0
85,0
58,0
37,0
26,0
41,0
12,0
34,0
8,0
37,3
4,0
1,0
22,0
41,1
48,0
2,0
62,0
60,0
29,0
64,0
40,0
16,0
33,1
6,0
21,0
2,0
30,0
19,0
106,0
42,0
10,0
40,0
27,0
67,1
63,0
6,0
49,0
190,0
47,0
8,0
13,0
8,0
41,0
54,0
2,0
72,0
1,0
16,0
32,0
144,0
8,0
136,1
39,7
0,0
0,0
1,0
124,0
24,0
15,0
20,0
9,0
7,4
82,0
17,0
34,0
0,0
55,0
19,0
5,0
29,0
29,0
9,0
13,0
34,0
8,2
0,0
4,0
1,0
131,0
17,0
19,0
15,0
17,0
9,0
0,0
49,1
21,0
1,0
2,0
34,7
32,0
0,0
11,0
45,0
3,0
16,0
37,0
107,1
18,1
6,0
3,0
2,0
29,0
8,0
26,0
109,0
43,0
28,0
12,0
18,0
41,1
10,0
0,0
0,0
187,0
74,0
43,0
88,0
49,0
1,0
2,0
130,0
2,0
3,0
19,0
32,0
1,0
19,0
77,0
76,0
5,0
6,0
11,0
52,0
11,0
30,0
23,0
26,0
45,0
24,0
143,0
2,0
96,1
21,1
71,0
8,0
54,0
1,0
17,0
10,0
6,0
137,2
18,0
31,0
8,0
21,0
1,0
22,0
5,0
26,0
16,0
9,0
3,0
96,0
1,0
46,2
8,0
38,0
15,0
8,0
16,0
2,0
14,0
47,0
36,0
14,0
9,0
59,0
7,0
9,0
37,0
16,0
13,0
75,0
2,0
4,0
4,0
24,2
32,1
15,0
71,0
25,2
2,0
7,1
15,0
39,0
13,0
36,0
56,0
41,0
65,1
18,0
31,0
61,17
63,0
30,0
43,0
11,0
19,0
19,0
46,0
4,0
16,0
20,0
7,0
27,0
3,0
40,11
11,0
53,0
7,0
10,0
2,0
29,14
0,0
19,16
40,1
25,0
67,0
2,0
8,0
21,0
14,0
8,0
3,0
0,0
15,0
47,0
67,0
5,0
91,0
93,0
7,0
5,0
44,2
96,1
29,0
26,0
0,0
68,0
27,0
66,0
83,0
70,1
6,0
80,0
23,0
3,0
12,0
44,0
51,1
3,0
134,0
41,0
1,0
51,0
12,0
26,0
20,0
33,0
12,0
13,0
1,0
24,0
2,0
47,0
31,0
19,0
24,0
55,0
1,0
84,0
14,0
12,0
21,0
46,0
17,0
0,0
132,0
43,0
65,1
13,0
24,0
48,0
22,0
47,0
7,0
2,0
95,0
9,0
37,0
72,0
26,1
10,1
72,0
1,0
66,0
12,0
16,0
28,0
92,0
26,0
35,0
116,0
2,0
31,0
13,0
31,0
8,0
11,0
72,0
17,0
34,0
27,0
120,0
40,0
94,0
10,0
27,0
3,0
50,0
51,0
17,1
11,0
57,0
23,0
27,0
16,0
69,0
6,0
54,0
0,0
33,0
224,0
56,0
78,0
8,0
66,4
1,0
34,0
95,0
29,0
28,0
1,0
22,0
57,0
36,0
39,0
50,1
196,0
199,0
216,24
6,0
9,0
16,0
17,0
19,0
74,0
2,0
31,0
146,0
12,0
49,1
12,0
180,0
10,11
65,0
16,0
17,0
8,3
47,0
19,0
1,0
40,0
41,0
69,0
37,0
35,0
7,0
9,0
9,0
18,0
16,0
46,0
22,0
25,0
15,5
8,0
3,0
10,0
23,0
11,0
14,1
5,0
2,0
39,0
14,0
29,0
134,0
1,0
67,0
29,0
26,0
5,0
6,0
8,0
12,0
35,0
2,0
466,2
51,0
22,0
6,0
155,0
23,0
200,0
0,0
17,0
129,0
31,0
189,4
108,0
33,0
40,0
6,0
19,0
31,0
188,0
17,0
51,0
13,0
19,0
238,1
82,0
84,0
9,0
48,0
13,0
72,0
48,0
46,0
25,0
51,0
12,0
8,0
35,0
10,0
2,0
12,0
11,0
6,0
0,0
22,0
37,0
23,0
69,0
77,1
115,0
16,0
13,0
160,30
41,0
9,0
0,0
65,0
18,0
40,0
32,0
32,0
12,0
29,0
22,1
156,2
19,0
41,0
24,0
20,0
49,0
153,0
8,0
70,0
64,0
32,0
41,0
0,0
75,7
55,0
80,0
15,0
40,0
35,1
28,0
265,34
10,0
76,0
80,0
50,0
15,0
0,0
43,0
54,2
7,0
168,4
0,0
37,0
4,0
92,0
19,0
18,0
41,0
15,0
0,0
47,0
4,0
33,0
72,0
22,0
0,0
204,0
8,0
51,0
5,0
29,0
146,0
10,0
8,0
4,0
158,0
0,0
1,0
11,0
81,0
44,0
24,0
95,0
49,0
55,0
12,0
38,0
10,0
17,0
17,0
142,0
9,0
107,0
3,0
44,0
14,0
29,0
9,0
41,0
59,0
2,0
17,0
47,0
24,0
20,0
52,0
212,1
0,0
24,0
64,0
1,0
54,0
48,0
1,0
5,0
10,0
59,0
9,0
66,0
2,0
5,0
72,0
11,0
86,0
10,0
23,0
22,0
20,0
11,0
14,0
13,0
62,0
7,0
33,0
20,0
43,0
8,0
185,0
22,0
6,0
9,0
0,0
24,0
25,0
0,0
26,0
8,0
31,1
0,0
43,0
4,2
35,0
21,0
11,0
73,0
8,0
34,0
45,0
51,0
6,0
19,0
17,0
76,0
8,0
32,0
12,0
1,0
116,0
35,0
1,0
51,0
37,0
32,13
31,0
112,0
10,0
75,0
3,0
84,0
23,0
61,0
3,0
14,0
20,0
133,0
24,0
9,0
241,0
14,0
21,0
8,0
10,0
31,0
64,0
33,0
63,2
5,0
124,1
6,0
50,0
122,0
158,0
6,0
15,0
9,0
58,0
1,0
39,0
47,0
33,0
17,0
44,0
30,0
47,0
49,0
89,0
31,2
169,1
1,0
18,0
51,6
5,0
4,0
5,0
16,0
12,0
108,0
32,0
28,0
14,0
34,0
23,0
57,0
38,0
93,1
12,0
55,0
42,0
34,0
9,0
0,0
19,0
48,0
4,0
0,0
11,0
0,0
124,0
31,0
37,19
54,0
71,1
0,0
29,0
24,0
48,0
66,0
36,0
73,0
13,0
138,0
15,0
37,0
8,0
50,0
47,0
4,0
22,35
13,0
65,0
56,0
6,0
31,0
0,0
17,0
4,0
5,0
108,0
10,0
99,0
23,0
7,0
44,15
15,0
11,4
9,0
2,0
113,0
22,0
3,0
6,0
45,0
40,0
8,0
11,0
42,0
94,0
34,0
134,0
83,0
22,0
86,0
36,0
8,0
19,0
26,1
67,0
9,0
96,0
19,0
12,0
52,0
34,0
7,0
97,0
28,0
55,0
18,0
52,0
61,0
9,0
42,0
3,0
27,0
90,0
6,0
12,0
29,0
73,0
10,0
2,0
70,0
16,0
13,0
23,0
9,0
32,0
94,0
5,0
19,0
26,0
4,0
76,0
41,0
46,0
46,0
104,0
40,0
24,0
52,0
0,0
63,0
61,3
19,0
23,0
39,0
23,0
22,0
32,0
22,0
33,0
195,0
42,24
79,0
1,0
0,0
1,0
1,0
37,0
32,0
26,0
66,0
4,0
20,0
49,0
21,0
8,0
21,0
43,0
54,0
51,0
46,23
16,0
44,0
14,0
92,0
63,0
65,1
33,0
5,0
4,2
47,0
39,0
9,0
51,1
0,0
20,0
7,0
0,0
9,0
34,0
29,4
4,0
30,0
11,0
51,0
3,0
36,0
48,0
1,0
9,0
11,0
22,0
25,0
55,0
17,0
58,0
43,0
2,0
9,0
57,0
1,0
14,0
187,0
59,0
92,0
14,0
27,1
73,0
3,0
13,0
95,0
59,0
29,0
29,0
43,0
39,0
22,0
19,0
15,0
57,0
56,0
35,0
22,0
37,0
12,0
10,0
1,0
36,3
2,0
2,0
8,0
2,14
128,0
2,1
5,0
2,0
4,0
8,0
11,0
26,0
0,0
5,0
31,0
205,0
48,0
31,0
42,0
59,0
78,0
129,0
54,0
46,0
45,1
80,1
1,0
20,0
90,0
75,0
59,0
0,0
3,17
2,0
37,7
76,1
4,0
16,0
15,0
5,0
43,0
37,0
22,3
55,0
63,0
92,0
26,0
68,0
30,0
50,0
23,0
7,2
14,0
9,0
3,1
7,0
18,0
11,0
134,0
56,0
9,0
43,0
6,0
34,0
25,0
0,0
62,0
9,0
60,0
112,0
2,2
89,0
30,0
55,0
5,0
24,0
9,0
58,0
24,0
12,0
9,0
9,1
107,0
51,0
9,0
41,0
7,0
45,0
19,0
9,0
2,0
48,0
27,0
95,0
15,0
14,0
17,0
112,0
62,0
38,0
17,0
43,0
24,2
41,0
102,0
9,0
46,0
72,0
44,0
60,0
92,0
20,0
27,0
121,0
24,0
16,0
12,0
93,1
246,0
159,0
19,0
134,0
1,0
32,0
10,0
69,0
69,0
136,0
6,0
39,0
18,0
23,0
17,0
42,0
89,0
4,0
79,0
10,1
34,0
204,0
16,3
5,0
8,0
1,1
2,0
8,1
24,0
10,0
73,0
23,0
27,0
5,0
24,0
24,0
60,0
143,0
71,0
11,1
0,0
11,0
22,0
32,0
0,0
59,0
0,0
89,0
24,0
71,0
76,0
37,0
25,0
30,1
20,2
8,0
3,0
28,0
8,0
30,0
41,5
14,0
2,0
18,0
37,0
36,0
163,0
201,0
120,0
3,0
91,0
12,0
1,0
28,0
69,0
3,0
5,0
1,0
131,0
19,0
0,0
83,0
118,0
53,0
25,0
14,0
6,0
31,0
46,30
0,0
16,0
34,0
85,0
0,0
91,0
18,0
52,0
32,0
36,0
39,0
45,0
32,0
52,0
21,0
10,0
100,30
35,0
18,0
8,0
16,0
9,0
0,0
1,0
5,0
71,0
12,0
57,0
25,0
57,0
57,0
124,3
45,1
20,0
38,0
22,0
108,2
33,0
8,0
24,0
31,3
4,1
48,0
55,1
19,0
45,0
27,0
76,0
16,0
0,0
55,0
68,0
28,0
27,0
51,0
100,0
7,0
9,0
15,0
14,0
5,1
15,0
52,0
81,0
49,0
17,1
17,9
1,0
27,0
23,0
54,0
16,0
54,0
84,2
41,0
16,0
39,0
2,0
128,2
1,0
23,0
42,0
41,0
11,0
78,0
77,0
266,0
24,0
12,0
4,0
76,0
143,0
46,0
28,0
128,0
24,0
14,0
34,0
7,0
49,0
35,0
86,0
27,0
1,0
85,0
45,0
109,0
12,0
16,0
57,0
23,0
203,0
22,0
34,0
14,1
6,0
32,0
5,0
62,0
9,1
5,0
93,0
22,0
50,0
41,0
147,1
4,0
2,0
9,0
19,0
30,0
11,0
16,0
22,0
12,0
13,7
24,0
187,0
6,0
14,0
12,0
34,0
60,0
26,1
46,0
15,0
67,0
25,0
46,0
160,0
18,0
5,0
2,0
9,1
23,0
13,0
34,0
43,2
24,0
42,0
90,0
3,0
94,0
30,0
36,0
5,0
90,0
1,0
21,0
0,0
26,0
71,0
24,0
12,0
547,0
37,0
76,0
0,0
45,0
77,0
54,0
21,0
33,0
27,0
4,0
62,0
6,0
53,0
99,0
1,0
18,0
49,0
5,0
38,1
4,0
2,0
15,0
35,0
27,0
112,0
91,0
34,0
88,0
113,0
16,0
4,0
245,0
39,0
19,0
3,0
6,0
11,0
21,0
87,0
1,0
7,0
13,0
75,0
2,0
11,0
103,0
1,0
5,0
141,0
27,0
18,0
37,0
71,0
36,0
33,0
37,0
7,0
41,0
40,0
57,0
45,0
59,1
31,0
2,0
44,0
76,0
31,0
53,0
26,0
105,0
56,0
31,0
10,0
19,0
53,0
17,0
3,0
29,0
56,0
70,0
47,2
43,7
8,0
5,0
29,0
8,0
50,0
14,0
24,0
22,0
44,0
4,0
6,0
2,0
104,0
9,0
6,0
8,0
60,0
76,0
25,0
47,0
5,0
24,0
14,0
2,0
142,1
35,0
58,0
15,0
17,0
5,0
50,0
130,0
104,0
13,0
2,0
44,0
24,0
101,0
2,0
57,0
6,0
40,0
7,0
1,0
24,0
50,0
13,0
33,0
44,0
106,0
69,0
0,0
22,0
56,0
4,0
1,0
29,0
1,0
11,0
1,0
1,0
16,0
22,0
9,0
0,0
40,0
29,0
7,0
133,0
39,0
30,2
47,0
37,0
30,0
44,0
20,0
3,0
94,0
0,0
38,0
4,0
25,0
23,0
50,4
4,0
86,0
4,0
34,0
47,0
6,0
17,0
1,0
26,0
7,0
185,0
2,2
74,0
11,0
57,0
149,0
28,0
9,1
57,0
52,0
28,0
0,0
77,0
30,0
27,0
15,0
17,0
65,0
80,0
59,1
58,0
32,0
23,0
140,0
38,0
16,0
6,0
0,0
63,0
15,0
10,0
31,0
8,0
2,0
39,0
0,0
23,0
9,0
112,0
11,0
1,0
11,0
32,0
24,0
24,0
0,0
194,0
7,0
46,0
42,0
4,0
2,0
90,0
1,0
8,0
104,0
2,0
21,0
36,2
78,0
186,0
7,0
42,0
22,0
4,0
62,0
11,0
58,0
10,0
30,0
5,0
34,0
11,0
63,9
27,0
0,0
5,0
7,0
96,0
43,0
91,1
2,0
97,0
22,0
29,0
9,1
60,0
4,0
20,0
8,0
39,0
16,0
75,0
44,1
18,0
22,0
9,0
14,0
69,0
115,0
81,0
24,0
28,0
55,0
49,0
24,0
8,0
22,0
18,0
20,0
2,0
25,0
1,0
7,0
9,0
13,0
3,0
8,0
72,0
49,3
66,0
91,0
37,0
7,0
49,0
24,0
1,0
4,0
20,0
13,0
235,0
202,1
5,0
13,18
17,0
10,0
39,0
58,0
15,3
55,0
18,0
13,0
19,12
33,2
6,0
11,0
55,0
4,0
27,0
26,0
77,0
47,0
111,5
80,0
37,0
108,0
25,0
5,0
87,0
27,0
9,0
42,0
5,0
9,0
47,0
12,0
30,0
60,0
44,0
27,0
74,1
1,0
107,17
2,0
7,0
24,0
8,0
53,3
140,0
36,27
10,0
121,0
38,0
12,3
33,0
82,0
82,0
53,0
3,0
21,0
23,0
4,0
5,0
52,0
71,0
30,0
130,0
5,0
26,0
11,16
37,0
18,0
53,0
19,0
29,0
84,0
72,0
62,0
14,0
21,0
5,0
17,0
11,0
46,0
89,0
12,1
7,0
16,0
20,0
42,0
33,0
80,0
30,0
3,0
48,0
5,0
58,0
14,0
19,0
94,0
24,0
43,0
21,0
37,0
34,0
55,0
0,0
16,0
105,0
6,0
36,0
22,0
26,0
9,0
14,0
24,0
49,0
7,0
175,0
9,0
13,0
67,0
22,0
3,0
208,2
20,0
5,0
21,0
20,0
13,0
226,12
26,0
19,0
26,0
20,0
4,0
27,0
55,0
11,0
4,0
30,0
39,0
40,0
75,0
15,0
44,0
10,0
1,0
49,0
135,0
26,0
42,0
7,0
46,0
12,0
33,0
20,0
29,0
12,0
15,0
37,0
82,0
83,0
22,2
56,0
7,0
4,0
106,10
19,6
27,0
8,0
10,0
74,0
65,1
50,0
65,0
9,0
1,0
22,0
4,0
66,0
0,0
11,0
17,0
3,0
48,0
13,3
77,1
50,0
19,0
27,0
27,0
8,0
9,0
53,0
64,0
89,0
88,0
51,0
36,0
16,0
84,0
61,0
109,2
12,0
3,0
7,0
33,0
19,0
10,0
31,1
1,0
36,0
50,0
37,0
1,0
17,0
8,0
8,0
30,0
130,0
96,0
3,0
29,0
15,1
66,0
60,0
52,0
139,1
17,0
84,0
7,0
85,0
91,0
16,0
9,0
9,0
7,0
28,0
10,0
70,0
25,0
77,0
57,0
36,0
0,0
11,0
59,0
23,0
3,0
50,0
121,0
35,0
51,0
2,0
79,1
17,0
57,0
31,0
23,0
176,0
15,0
9,0
22,0
11,0
20,0
19,0
33,0
17,0
1,0
39,0
6,0
92,0
123,0
10,0
2,0
9,0
1,0
30,1
147,0
250,0
8,0
20,0
32,0
35,0
55,0
14,0
9,0
15,0
5,0
36,0
27,0
1,0
134,0
3,2
13,0
75,0
24,0
37,0
4,0
3,0
35,0
2,0
4,0
29,0
158,1
3,0
1,0
7,0
7,0
517,1
62,0
21,0
68,0
44,2
20,0
5,0
96,0
13,0
23,0
20,0
27,0
196,5
21,0
83,4
27,0
2,0
80,0
2,0
14,0
3,0
14,0
11,0
18,0
163,0
0,0
11,0
10,0
8,0
35,0
21,0
7,0
15,0
32,0
67,0
30,0
7,0
42,0
24,0
14,0
1,0
124,0
2,0
30,3
13,0
59,0
38,0
0,0
1,0
96,0
54,0
24,0
28,0
41,0
113,0
66,0
150,0
59,0
84,0
3,0
61,1
118,0
36,0
5,0
71,0
90,0
12,0
1,0
39,0
96,0
27,0
53,0
12,0
28,0
44,0
31,0
50,0
5,0
36,0
20,1
58,0
4,0
6,0
43,0
106,0
4,0
42,0
36,0
27,0
3,0
21,0
20,0
57,0
47,0
42,18
27,0
79,0
22,0
11,0
69,0
108,0
41,0
11,0
120,0
3,0
26,0
62,0
8,0
49,0
13,0
58,0
36,0
27,3
117,0
6,0
97,0
12,0
15,0
6,0
145,0
15,0
2,0
20,0
66,0
86,0
21,0
7,0
12,0
55,0
73,0
71,0
1,0
20,0
108,0
7,0
8,0
32,1
8,0
121,0
53,0
28,0
57,0
20,0
19,0
24,0
2,0
3,1
14,0
121,0
1,0
42,0
54,0
24,0
31,0
26,0
2,0
17,0
33,0
5,0
17,0
21,0
4,0
0,0
10,0
26,0
2,0
39,1
13,0
83,0
3,0
1,0
18,0
8,7
27,0
74,0
28,0
73,0
6,0
0,0
39,0
18,0
27,3
0,0
32,0
21,0
36,1
16,0
17,0
53,0
223,3
8,0
2,0
8,0
18,0
96,0
26,0
51,0
202,0
37,0
89,2
88,0
118,0
69,0
3,0
21,1
92,3
21,0
0,0
6,0
0,0
8,0
4,0
14,0
3,0
4,0
30,0
9,0
91,0
120,5
3,0
38,2
25,0
54,0
4,0
2,0
64,0
2,0
30,0
6,4
10,0
99,1
2,0
7,0
30,0
33,0
1,16
12,0
13,0
19,0
45,0
0,0
2,0
6,0
31,0
5,1
63,0
20,0
82,0
59,0
29,0
40,0
11,0
160,0
1,0
17,0
65,0
67,0
32,0
25,0
57,0
38,6
53,0
20,0
9,0
8,0
90,0
102,0
0,0
37,0
39,0
62,0
13,0
20,0
1,0
138,1
3,0
82,0
27,0
14,0
6,0
36,0
26,0
8,0
89,0
7,0
13,0
39,0
9,0
0,0
54,0
2,0
17,0
10,0
18,0
31,0
101,0
13,0
42,0
43,3
19,0
48,0
24,0
123,0
11,3
48,0
1,0
16,0
13,0
25,0
56,0
167,0
111,0
120,0
19,0
1,0
26,0
48,0
5,0
25,0
12,0
37,0
3,0
14,0
2,0
24,0
67,0
0,0
202,0
12,0
14,0
29,2
11,0
7,0
25,0
39,0
18,0
69,0
71,0
16,0
27,0
37,3
32,0
43,0
4,0
12,0
65,1
16,0
21,0
30,0
103,2
14,0
29,0
78,1
4,0
40,0
54,0
164,9
13,0
1,0
74,3
10,4
62,0
8,0
86,0
7,0
54,0
5,0
13,0
56,0
118,0
1,0
36,0
10,0
31,0
53,0
41,0
6,0
31,0
15,0
18,0
41,0
30,0
1,0
52,0
35,0
15,0
75,0
39,0
19,0
66,0
5,0
3,0
7,0
33,0
10,0
10,0
3,0
207,0
283,0
20,1
23,0
8,0
39,1
26,0
96,0
25,0
15,0
107,2
20,0
29,0
19,0
9,0
91,0
29,0
77,0
3,0
17,1
43,0
33,0
50,0
50,0
4,0
32,0
44,0
6,0
31,0
64,0
33,1
41,0
52,0
11,0
6,0
13,0
2,0
138,5
33,0
50,0
57,2
22,0
65,0
14,0
48,0
42,0
28,0
17,0
18,0
7,0
20,0
6,0
120,0
32,0
71,0
27,0
5,0
18,0
49,0
46,0
22,0
53,5
6,0
28,0
42,0
30,0
60,0
54,0
45,0
51,0
25,0
232,0
35,0
53,0
5,0
32,0
25,0
2,0
0,0
1,0
108,0
2,0
16,0
2,0
14,0
29,0
8,0
41,0
171,175
15,4
17,0
62,0
3,0
18,0
2,0
22,0
28,1
206,1
0,0
241,0
97,0
51,0
2,0
11,0
70,0
16,0
12,0
54,0
10,0
10,0
52,0
33,0
12,0
1,0
11,0
0,0
76,0
16,0
47,0
30,0
16,0
43,0
21,0
49,0
44,0
45,0
84,0
134,2
0,0
98,0
50,0
5,0
25,0
22,0
11,0
15,0
48,0
16,0
1,0
13,0
67,0
65,0
45,0
27,1
40,0
11,0
80,0
50,0
39,0
142,2
20,0
51,0
21,0
26,0
49,0
72,0
65,0
42,2
35,2
57,0
3,0
3,0
2,0
95,0
62,0
94,8
26,0
74,0
64,0
26,0
12,0
120,7
7,0
14,3
6,0
297,0
532,28
31,0
105,0
19,0
28,0
25,7
21,0
37,0
49,0
1,0
20,0
129,0
0,0
28,0
46,1
15,0
7,0
14,0
158,1
49,0
57,0
15,0
4,2
12,0
0,0
5,0
9,0
5,0
86,0
4,0
27,0
13,0
54,0
24,0
141,21
22,0
53,9
7,0
29,0
1,1
91,0
33,0
143,0
22,4
8,0
164,0
7,0
1,0
7,0
20,0
32,1
269,0
38,0
145,0
25,0
3,0
101,0
44,0
4,0
29,19
87,0
6,0
90,0
2,0
1,0
3,0
0,0
25,0
75,0
19,0
19,0
53,0
43,0
9,0
32,0
210,0
2,0
47,1
51,0
0,0
16,0
4,0
1,0
41,6
18,3
141,41
1,0
45,0
144,0
9,0
61,0
68,0
16,0
46,0
13,0
33,0
15,0
37,0
3,0
6,0
32,0
22,1
19,0
8,0
32,0
18,0
12,0
2,0
64,0
114,38
47,0
26,0
13,0
39,0
23,0
19,0
34,0
39,0
14,0
30,0
41,0
1,0
76,2
5,0
4,0
30,0
28,0
35,0
3,0
12,0
55,0
52,0
32,0
141,1
165,1
217,0
21,0
4,0
58,0
13,0
0,0
30,0
37,0
19,0
21,0
62,0
39,0
29,27
34,0
31,6
23,0
3,0
62,0
35,0
15,0
37,0
15,0
22,2
34,2
29,0
56,0
21,4
17,0
29,0
7,0
27,0
37,0
13,0
40,0
12,0
1,0
60,0
51,0
2,0
103,0
73,0
86,0
42,1
22,0
32,0
169,0
14,0
63,0
60,0
6,0
54,0
4,0
35,0
1,0
34,0
31,0
58,0
86,0
33,0
60,0
8,0
29,0
13,0
20,0
41,0
82,0
25,0
120,0
65,0
26,0
5,0
94,1
63,0
22,0
31,0
22,0
79,0
77,0
60,0
75,0
48,0
48,0
8,0
10,0
124,0
19,0
95,0
41,0
42,0
2,0
9,0
80,0
31,0
122,71
10,0
18,0
6,0
54,0
1,0
88,0
18,0
31,0
3,0
9,0
76,0
34,0
58,0
76,0
201,0
32,0
3,0
153,0
11,2
17,0
29,0
4,0
28,0
11,0
0,0
8,0
124,2
129,0
22,0
6,0
90,0
118,0
2,0
3,0
59,0
14,0
23,0
6,0
90,0
17,0
63,0
39,0
22,0
29,0
59,0
39,0
6,0
29,0
32,0
91,0
445,0
33,0
37,0
1,0
19,0
20,0
2,0
67,0
15,3
20,0
61,0
43,0
138,0
105,0
9,0
15,0
51,0
16,0
16,0
34,0
68,0
6,0
75,0
7,0
48,0
4,0
104,0
25,0
17,1
32,0
15,0
14,1
9,0
26,0
3,0
7,24
1,0
6,0
180,0
15,0
44,0
38,11
13,0
18,0
3,0
27,0
17,0
11,0
14,0
180,1
2,0
37,0
45,0
36,0
20,0
1,0
45,0
15,0
6,0
27,0
85,0
78,0
27,0
5,0
12,0
55,0
18,0
1,0
116,4
0,0
35,0
12,0
9,11
19,0
40,0
20,0
22,0
5,0
88,0
5,0
107,0
2,0
9,0
12,0
41,0
10,0
33,0
15,0
37,0
43,0
1,0
33,1
16,0
78,1
26,0
42,0
5,0
12,0
12,0
18,0
37,0
39,0
41,0
34,0
34,0
9,0
80,0
1,0
14,0
31,0
54,0
25,0
94,0
310,2
134,0
80,0
45,0
1,0
90,0
61,0
20,1
15,0
14,0
7,0
36,0
24,0
76,0
23,0
5,0
61,0
39,0
59,0
2,0
168,0
18,0
33,0
43,0
47,2
76,1
26,0
10,0
68,0
24,5
42,0
43,0
24,0
37,0
26,0
61,0
5,0
1,0
23,0
58,0
14,0
66,0
70,0
8,0
17,0
9,0
2,0
20,0
9,0
19,0
75,0
29,0
6,1
1,0
30,0
20,0
69,0
113,0
8,0
27,0
3,0
137,0
137,0
66,0
8,0
19,0
1,0
14,0
16,0
1,0
25,0
0,0
4,0
22,0
9,0
10,0
8,0
12,0
70,0
24,0
31,0
10,0
35,0
29,0
52,0
13,0
7,0
11,0
15,0
15,1
29,0
29,0
0,0
2,0
66,0
24,14
26,0
77,0
13,0
18,0
27,0
38,0
1,0
45,0
107,0
2,0
10,0
26,0
3,6
33,0
1,0
72,0
75,18
94,0
2,0
14,1
32,0
44,0
6,0
1,0
59,0
0,0
17,0
1,0
1,1
66,0
8,0
7,0
152,0
6,0
28,0
43,0
85,0
36,0
32,0
46,0
36,0
60,0
81,0
10,0
22,0
61,0
10,0
175,2
42,0
26,0
21,0
106,0
18,0
14,0
3,0
8,0
10,0
239,0
17,0
12,0
89,0
20,1
133,1
35,2
4,0
10,0
23,0
79,0
9,0
122,0
31,0
104,1
1,0
4,0
14,0
17,0
8,0
33,11
50,0
26,0
34,0
1,0
8,0
6,0
8,0
10,0
7,3
9,0
10,0
62,0
52,0
24,0
11,0
9,0
4,12
2,0
0,0
26,0
21,0
46,0
13,0
7,1
21,0
68,2
73,0
9,0
10,0
4,0
73,0
0,0
11,0
54,0
475,0
27,0
41,0
111,9
17,0
107,0
7,0
19,0
37,0
51,0
7,0
4,0
59,1
12,0
13,0
7,0
53,0
2,0
18,1
54,0
88,0
149,0
43,0
28,0
20,0
27,6
62,1
7,0
3,0
89,7
82,0
6,1
59,0
54,0
44,0
3,0
1,0
12,0
7,0
23,0
85,2
69,0
22,0
9,0
4,0
34,0
1,0
63,0
28,0
66,0
18,16
43,0
2,0
53,0
10,0
45,0
1,0
65,0
22,0
30,1
235,1
30,2
36,0
44,0
135,0
82,0
42,0
66,0
65,0
1,0
3,0
18,0
21,0
112,0
18,0
86,0
14,0
46,0
32,3
1,0
17,0
84,0
1,0
189,0
5,0
13,0
46,0
35,0
17,0
55,1
87,0
12,0
39,0
0,0
74,0
3,0
2,0
48,0
55,0
27,0
31,0
180,0
125,0
122,0
45,0
5,0
216,0
35,0
46,0
96,0
6,0
93,0
44,0
38,0
12,0
90,0
14,0
20,0
7,0
36,0
25,0
0,0
20,0
19,0
0,0
14,0
40,0
210,0
21,0
13,0
30,0
27,0
30,0
30,0
11,0
32,0
126,0
19,2
14,0
114,0
0,0
9,2
12,0
49,0
5,0
0,0
39,0
23,6
1,1
2,0
69,0
33,0
3,0
5,0
25,0
82,0
24,0
9,0
0,0
53,0
129,0
74,0
64,1
0,0
11,0
112,3
38,0
4,0
19,0
1,0
34,0
121,0
2,0
10,0
14,0
54,0
14,0
17,0
8,0
72,0
28,0
153,0
33,0
26,0
1,0
14,1
38,0
22,0
16,0
37,0
20,0
39,0
7,0
22,0
0,0
15,0
33,0
31,0
92,0
34,0
89,3
106,0
31,0
38,0
72,0
25,0
66,0
9,0
0,0
55,0
41,0
16,1
34,0
31,0
71,0
17,0
189,0
7,0
69,0
1,2
1,0
15,0
10,0
56,0
7,0
30,0
68,1
8,5
23,0
87,0
43,0
2,0
7,0
33,0
22,0
77,0
10,0
43,0
0,0
26,1
0,0
3,0
11,0
26,0
53,0
4,0
35,1
15,0
2,0
38,0
12,0
10,0
35,0
22,3
2,0
43,0
13,0
90,12
96,0
7,0
38,0
5,0
15,2
42,0
7,0
6,0
3,0
17,0
12,0
24,0
15,0
61,0
4,0
16,0
41,0
5,0
72,0
15,2
33,20
7,0
0,0
15,0
38,0
12,0
103,0
61,0
5,0
18,0
0,0
16,0
177,0
6,0
2,0
8,0
66,0
20,0
2,0
2,0
22,0
21,0
25,0
3,0
8,0
142,0
40,0
7,0
63,66
5,0
6,0
71,0
45,0
1,2
3,0
27,0
97,0
21,0
20,0
121,0
1,0
65,0
13,0
46,0
28,0
2,0
26,1
20,4
22,0
8,0
19,0
35,0
43,0
61,0
3,0
53,0
33,0
30,0
60,0
18,0
7,0
9,0
26,0
37,0
25,0
14,0
99,0
55,52
61,0
62,0
204,0
16,0
0,0
53,9
19,0
13,1
24,0
16,0
18,0
20,0
32,0
60,0
18,0
7,0
9,0
26,0
37,0
25,0
14,0
99,0
55,52
61,0
62,0
204,0
16,0
0,0
53,9
19,0
13,1
24,0
16,0
18,0
20,0
32,0
46,0
1,0
114,1
5,0
6,0
63,0
30,0
2,0
50,5
7,0
69,0
40,0
15,0
34,0
28,0
21,0
38,0
12,0
14,0
62,0
77,14
7,0
124,0
20,0
15,0
15,0
22,0
5,0
112,0
53,0
5,0
55,0
42,0
70,0
13,0
44,0
39,1
13,0
23,0
22,0
26,18
0,0
48,0
73,0
24,0
25,0
51,0
26,1
75,0
32,0
113,0
24,0
20,0
23,0
8,0
25,0
21,0
17,0
100,0
19,0
20,1
43,0
86,0
38,0
11,0
12,0
0,0
4,0
664,4
44,0
66,0
92,0
57,0
3,0
14,0
122,0
88,0
18,7
17,0
61,0
53,0
44,0
6,0
35,0
38,0
15,0
7,0
52,0
38,1
19,3
11,0
8,0
6,0
8,0
13,0
50,0
25,0
4,0
50,34
62,0
11,0
38,0
32,0
18,0
77,0
57,0
1,0
3,0
21,0
29,0
7,1
35,0
45,0
1,0
83,0
64,0
0,0
18,0
159,0
52,1
14,0
16,0
69,0
4,6
66,2
99,0
22,0
41,0
7,0
34,0
104,0
0,0
2,0
138,0
4,0
21,4
66,0
7,0
85,0
2,1
174,0
4,0
7,0
10,0
3,0
11,0
31,0
31,3
20,0
61,0
5,0
11,0
20,0
44,0
54,0
4,0
12,0
18,0
40,0
2,0
5,0
112,0
51,0
53,0
57,0
23,0
3,0
33,19
42,0
15,0
135,0
36,0
77,0
10,0
4,0
76,0
7,0
84,0
5,0
5,0
12,0
59,0
16,0
45,0
4,0
422,0
5,0
2,0
2,0
36,0
34,0
21,0
8,0
10,0
9,0
88,0
28,0
32,0
47,0
13,0
4,0
1,0
84,0
33,0
13,7
6,25
74,1
49,0
42,0
22,0
35,0
63,1
5,1
0,0
49,0
2,0
350,0
32,0
19,0
8,0
10,0
37,0
97,0
58,1
3,0
32,0
3,0
23,0
85,3
32,0
16,0
52,0
3,0
71,1
20,0
57,8
24,0
105,0
96,0
14,0
31,0
10,0
18,0
60,0
61,0
37,2
42,0
24,0
7,0
24,0
2,0
8,0
21,0
22,0
30,0
33,0
50,0
25,0
14,0
48,0
0,0
1,2
41,1
59,12
33,0
52,0
2,0
22,0
24,0
14,0
30,0
68,0
32,0
137,1
42,0
142,0
11,0
54,0
14,0
72,0
8,0
30,0
6,1
2,0
24,0
27,0
5,0
83,0
32,0
14,0
8,0
89,0
0,0
28,0
40,0
91,0
1,0
15,0
35,0
2,0
7,5
99,0
4,0
88,0
1,0
0,0
21,0
1,0
35,1
95,0
48,0
80,0
4,3
48,0
21,0
27,0
11,0
0,0
397,1
80,0
16,0
16,0
59,1
52,0
19,4
0,0
21,0
19,0
38,0
31,0
21,0
89,0
27,0
39,3
107,1
44,0
38,0
37,0
8,1
13,0
24,0
126,0
33,0
15,0
23,0
22,0
19,0
1,0
39,0
34,0
30,0
37,0
28,0
11,0
4,0
15,0
3,0
13,0
6,0
126,0
10,0
55,0
57,0
0,0
40,0
13,0
11,0
2,0
3,0
12,0
1,0
133,0
39,0
9,0
20,0
29,0
1,0
1,0
44,0
0,0
8,0
8,0
18,0
1,0
64,0
4,0
46,0
86,0
120,0
1,0
23,0
88,0
81,0
49,0
20,0
85,0
0,0
0,0
60,0
14,0
33,0
3,0
41,0
2,0
49,0
13,0
2,0
0,0
11,1
23,0
73,0
1,0
223,1
9,0
18,0
98,0
49,0
9,0
37,0
17,0
16,0
14,0
8,0
126,0
41,0
12,12
42,6
2,0
22,0
12,2
37,0
8,0
28,0
25,0
83,0
52,0
4,0
264,0
6,5
78,0
84,0
80,0
17,0
6,0
39,0
10,0
22,0
0,0
17,0
15,4
60,0
48,0
35,0
0,0
33,0
49,0
27,0
20,0
68,0
22,0
37,0
10,0
53,0
49,0
54,0
0,0
83,0
20,0
64,1
4,0
55,0
0,0
13,0
16,0
137,0
13,0
30,7
23,0
53,0
1,0
21,0
45,2
80,0
214,0
89,0
3,0
13,1
85,0
21,0
60,2
22,3
26,0
90,0
212,0
52,0
39,1
13,0
28,0
1,0
5,0
17,0
20,0
8,0
37,0
32,0
17,0
24,1
112,1
0,0
21,0
57,0
19,2
12,0
17,0
11,0
54,0
11,1
28,0
38,0
18,0
16,0
17,0
8,0
112,117
6,0
12,0
15,0
38,14
21,0
15,0
26,0
3,0
18,0
29,0
5,0
0,0
86,40
14,0
43,0
8,0
41,0
46,0
2,0
55,0
9,1
4,0
31,1
55,0
29,0
57,0
0,0
59,0
40,0
114,0
38,0
2,0
56,0
15,0
8,0
52,2
27,0
9,0
29,0
30,0
7,0
3,0
58,0
24,0
38,0
1,0
61,0
48,0
16,0
1,0
37,6
80,0
10,0
6,0
10,0
18,0
1,0
17,0
0,0
5,0
23,0
30,0
8,0
58,0
8,0
18,0
31,0
18,0
1,0
131,0
70,0
1,0
1,0
9,0
3,0
22,0
59,0
62,0
42,3
2,0
41,0
15,0
0,0
67,0
67,4
16,0
23,0
95,0
56,0
52,0
32,0
70,0
56,0
81,0
8,0
49,0
48,0
7,0
28,0
26,0
18,0
41,0
16,0
64,0
13,0
134,0
72,0
4,0
5,0
21,0
115,0
28,0
2,0
1,0
17,0
109,0
48,0
53,0
24,0
38,0
69,0
10,19
50,0
51,0
110,0
1,0
40,0
152,0
23,0
83,0
183,0
47,0
123,0
8,0
61,0
4,0
114,0
146,0
24,0
85,0
176,0
10,0
52,0
6,0
57,0
25,0
2,0
25,0
73,0
54,0
15,1
14,0
89,0
73,0
28,0
68,0
10,0
37,0
133,1
24,0
21,1
31,0
118,1
5,0
63,2
39,0
10,0
66,0
47,0
41,0
19,0
2,0
68,0
0,0
12,0
25,1
7,0
46,0
42,0
9,0
45,0
8,0
23,0
28,0
326,0
11,1
19,0
26,0
15,0
37,37
25,0
103,1
27,0
0,0
47,0
11,0
12,0
75,0
8,0
41,0
22,0
71,0
5,0
8,0
38,0
20,0
0,0
6,0
23,0
6,0
18,0
69,0
17,0
82,0
68,0
3,0
2,0
44,0
7,0
11,0
19,0
46,0
7,0
28,0
18,0
1,0
33,0
80,1
133,2
61,0
55,0
8,0
13,0
24,0
11,0
40,0
59,0
29,0
4,0
1,0
70,0
35,0
61,0
1,0
21,0
28,0
36,0
30,0
30,0
35,0
64,0
249,1
1,0
176,0
5,1
0,0
56,0
14,0
81,0
58,0
13,0
79,48
16,0
114,0
21,0
11,0
71,0
33,4
22,0
59,0
3,0
46,0
101,0
36,0
5,0
9,0
13,0
8,0
43,0
21,0
41,0
23,0
41,0
1,0
42,0
60,0
54,0
35,0
4,0
25,0
37,0
85,0
3,0
20,0
42,0
9,0
78,0
17,0
2,0
36,0
145,1
67,0
83,1
178,0
22,0
7,0
60,0
52,7
49,0
0,0
15,0
24,0
1,0
21,0
18,0
7,0
14,0
22,0
37,0
56,2
3,0
8,0
8,0
20,0
29,0
0,0
178,0
4,0
20,0
13,0
0,0
37,0
32,0
25,18
24,0
40,0
3,0
51,0
40,0
11,0
25,0
33,1
38,0
30,0
1,0
7,0
72,0
14,0
11,0
3,0
96,0
44,0
41,0
45,0
41,0
39,0
4,0
3,0
17,0
41,0
49,1
2,0
10,0
57,0
35,0
23,0
99,0
0,0
11,0
2,0
74,0
47,0
23,0
58,0
3,0
27,0
21,0
122,0
134,0
47,0
161,0
15,0
0,0
46,0
6,2
2,0
21,0
11,0
40,0
39,2
47,0
20,3
26,14
40,0
29,0
13,2
6,0
7,0
0,0
20,0
124,0
69,0
14,0
0,0
12,0
53,0
29,0
5,0
32,3
42,0
24,0
6,0
26,0
3,0
76,0
39,0
10,0
2,0
7,0
74,0
47,0
44,0
3,0
1,0
15,0
44,0
46,0
40,0
53,0
22,0
18,0
5,0
4,0
3,0
50,0
1,0
57,0
61,0
121,0
3,0
39,0
6,0
5,0
1,0
10,0
46,0
27,0
41,0
64,5
2,0
4,0
5,2
49,0
33,0
17,0
56,0
36,0
97,35
19,0
15,0
4,0
32,0
6,0
4,0
57,0
23,0
9,0
20,0
10,0
24,0
34,0
9,0
46,0
18,0
38,0
30,0
8,0
17,0
58,0
106,0
8,0
119,0
114,0
0,0
24,0
28,0
35,0
13,0
40,0
169,0
36,0
0,0
76,0
6,0
25,0
20,0
72,0
1,0
38,0
8,0
26,0
6,0
57,0
18,0
9,0
18,0
81,0
94,0
6,0
59,0
53,0
93,0
111,7
14,2
19,0
74,0
33,0
23,4
41,0
69,1
49,0
37,2
11,0
4,0
3,0
145,1
18,0
6,0
19,0
107,0
108,0
31,0
39,0
37,0
20,0
0,0
18,0
70,0
62,0
28,0
12,0
43,0
49,0
36,0
44,0
13,1
0,0
5,0
58,1
30,0
21,0
161,0
5,0
113,0
58,1
37,0
93,0
15,0
18,0
2,0
50,0
8,0
5,0
2,0
140,0
19,0
76,0
22,0
12,0
51,0
44,0
40,0
132,0
11,0
36,0
7,0
12,0
17,0
35,0
2,0
7,0
77,0
4,0
7,0
11,0
26,0
71,0
26,0
109,0
82,0
15,0
6,0
52,0
1,0
1,0
36,0
13,0
5,0
88,43
12,0
95,0
34,0
1,0
50,0
20,0
17,0
21,0
1,0
31,0
8,0
23,0
27,0
16,0
24,0
6,0
31,0
33,0
15,0
10,0
109,0
39,0
1,0
8,0
34,0
7,0
9,4
38,0
15,0
18,0
21,0
9,0
103,0
58,0
29,0
7,0
56,0
0,0
5,0
32,0
6,0
89,0
3,0
74,0
27,0
9,0
28,0
11,0
17,0
72,0
79,0
12,0
12,0
25,3
1,0
68,1
17,2
87,1
3,0
22,0
1,0
34,0
62,1
13,0
9,0
42,0
83,0
7,0
47,0
59,9
9,0
3,0
50,0
19,0
2,0
99,0
7,0
18,0
7,0
103,0
7,0
18,0
78,0
0,0
129,0
85,0
2,0
50,0
56,0
1,0
53,0
64,0
39,7
3,0
40,0
16,0
14,1
20,0
78,0
16,0
12,0
22,0
49,0
30,23
0,0
33,1
16,0
38,0
119,0
29,0
12,0
77,0
64,0
49,0
4,0
9,0
16,3
115,0
41,0
35,0
391,0
12,0
67,0
44,0
5,0
4,0
7,0
23,0
44,0
8,0
12,0
18,0
33,0
22,0
37,0
27,0
11,0
118,0
80,0
7,0
0,0
24,0
92,0
42,0
53,0
24,0
53,0
106,0
34,0
49,0
27,0
20,0
142,0
8,0
24,0
34,0
30,0
0,0
181,0
43,0
0,0
19,0
26,0
30,0
28,0
58,0
34,0
40,0
9,0
9,0
91,2
26,0
121,0
67,0
7,1
38,0
48,0
32,1
38,0
56,0
8,0
127,0
75,0
1,0
4,0
33,0
4,0
19,0
10,0
49,0
5,2
0,0
1,0
31,0
8,0
55,0
13,1
29,0
1,0
105,4
39,3
4,0
5,0
8,0
6,5
19,0
55,0
41,0
2,0
20,0
18,0
15,0
1,0
146,0
8,0
3,0
4,0
56,1
1,0
29,0
176,0
68,0
32,0
7,0
13,0
13,0
30,0
17,0
162,0
73,0
8,0
24,0
47,0
45,0
9,0
52,1
4,0
64,0
4,0
97,0
29,1
1,0
4,0
17,0
5,0
16,0
13,0
19,0
54,0
26,0
18,0
65,0
38,0
5,0
15,0
62,0
93,6
4,0
26,0
22,5
15,0
19,0
6,0
6,0
89,0
0,0
6,0
83,0
68,0
170,0
70,0
1,0
12,0
0,0
75,0
13,0
2,0
23,7
24,0
32,0
18,0
9,0
95,0
47,0
32,0
45,0
38,0
33,0
34,0
1,0
54,0
67,0
85,0
16,0
9,0
29,0
41,0
53,0
58,0
136,0
13,0
2,0
3,0
19,0
2,1
11,0
14,2
29,0
3,0
22,0
9,0
62,2
15,0
43,62
6,0
56,0
47,0
5,0
1,0
76,0
5,0
4,1
31,0
24,0
77,0
15,0
2,0
49,0
38,0
19,0
6,0
25,0
4,0
85,0
35,0
74,0
20,0
57,1
8,0
47,0
7,0
66,0
1,0
16,0
61,0
32,0
1,0
5,0
21,0
43,1
59,0
2,0
1,0
6,0
33,0
33,0
9,0
41,1
24,0
2,0
15,0
27,0
33,0
7,0
28,0
6,0
49,0
75,0
36,0
16,0
42,0
3,0
26,0
41,0
22,0
47,0
95,6
24,0
5,0
3,0
51,0
106,0
4,0
11,0
22,0
59,0
27,0
8,0
26,0
38,0
3,0
39,1
74,0
21,0
18,0
1,0
1,0
6,0
40,0
42,0
160,0
2,0
17,0
17,0
27,0
81,0
1,0
22,1
61,0
4,0
74,3
40,0
6,0
110,0
11,0
0,0
5,0
160,2
27,0
450,0
30,0
21,0
58,0
25,0
73,0
56,0
0,0
8,0
65,33
106,0
82,0
6,0
33,0
34,0
17,0
119,0
2,0
347,0
65,0
63,0
28,0
14,0
117,0
12,0
11,0
25,0
23,0
31,0
2,0
24,2
30,0
44,3
26,0
96,0
11,2
246,0
28,0
189,0
32,0
81,0
77,0
8,0
40,0
11,0
0,0
120,0
42,1
15,0
0,0
61,0
22,0
2,0
126,0
3,0
17,0
23,0
12,0
53,0
14,1
58,0
109,0
1,0
7,2
42,0
30,0
77,0
11,0
21,1
0,0
30,0
7,0
20,0
10,0
0,0
52,0
55,0
14,0
60,1
9,0
18,1
7,0
254,0
24,1
24,0
16,0
17,0
5,0
46,0
38,0
12,0
2,0
60,0
51,0
52,0
4,0
25,0
17,0
3,0
10,0
1,0
32,0
48,0
34,0
3,0
22,1
63,0
10,0
85,0
15,0
32,0
160,0
33,0
78,0
5,0
0,0
6,0
13,0
28,0
22,0
108,0
52,0
4,0
7,3
114,0
35,0
27,0
171,1
26,3
80,1
27,1
19,0
7,0
7,0
11,0
1,0
22,0
14,0
27,0
6,3
22,0
32,15
18,0
40,0
27,0
42,0
12,1
8,0
22,0
8,0
46,0
17,1
96,0
37,0
15,4
26,0
8,1
57,0
19,7
22,0
50,0
1,0
152,2
63,1
18,0
28,0
4,0
29,0
36,0
49,0
8,0
3,0
44,0
28,0
24,0
16,0
17,2
12,0
26,0
37,0
11,0
15,0
19,0
27,0
130,0
43,0
19,0
61,0
41,0
8,0
62,1
23,0
20,0
24,0
11,0
9,0
65,0
50,0
24,36
33,0
2,0
28,0
6,0
19,0
76,0
13,0
26,0
3,0
1,1
80,0
101,0
38,12
30,0
8,0
33,0
10,0
1,0
35,0
62,0
10,0
1,0
63,0
31,0
58,0
31,0
31,0
51,0
52,0
127,0
25,0
60,0
20,0
77,0
13,1
3,0
105,0
7,3
34,0
47,0
15,0
15,0
39,0
33,0
75,0
37,0
203,0
12,0
70,0
3,1
5,0
29,0
19,0
44,0
67,0
1,0
6,0
1,0
11,0
420,0
29,1
98,0
17,0
10,0
39,0
17,0
33,0
53,0
21,0
17,0
27,0
2,0
38,0
27,0
13,0
41,0
7,0
0,0
45,0
32,0
7,0
6,0
73,0
8,0
64,0
23,0
90,0
21,0
23,1
16,1
29,0
58,2
21,0
23,0
4,0
9,0
24,0
22,0
113,0
13,0
5,0
10,0
30,0
1,0
43,0
121,0
18,0
17,0
1,0
18,0
25,0
1,0
173,0
66,0
2,0
91,0
173,0
5,0
52,0
78,1
38,0
18,2
7,0
5,0
29,0
11,0
36,0
9,0
37,0
25,0
29,0
152,111
31,0
28,0
19,0
32,0
12,8
0,0
177,0
6,0
46,0
19,0
9,0
53,0
43,0
51,0
11,0
52,2
41,0
1,0
45,0
73,0
20,0
1,0
36,0
3,0
6,0
18,0
42,0
11,0
148,0
83,0
30,0
21,0
106,0
22,3
27,4
24,0
45,0
3,0
104,0
17,0
132,0
4,0
50,0
19,0
40,0
9,0
4,1
78,0
37,0
36,0
211,0
22,0
57,0
107,0
19,0
7,0
9,0
14,0
10,0
7,0
84,0
27,0
38,0
51,0
11,0
12,0
49,0
14,0
26,1
10,0
106,4
85,1
7,0
114,0
23,0
2,2
25,0
44,0
18,0
24,0
5,0
24,0
15,0
35,0
59,0
94,0
10,0
65,0
2,0
20,0
8,0
62,0
1,0
6,1
32,0
53,0
32,0
89,0
9,0
30,31
13,0
1,0
53,0
15,0
14,0
52,0
31,0
51,0
54,0
0,0
92,1
21,0
50,0
81,0
60,0
47,0
33,0
20,0
15,0
123,0
68,0
16,1
26,4
35,0
0,0
17,0
244,0
23,0
103,0
81,0
8,0
1,0
8,0
121,0
38,0
2,0
0,0
6,0
4,0
9,12
41,0
7,0
48,0
115,0
103,0
30,0
65,0
50,0
7,0
141,0
50,0
11,0
10,0
14,0
12,0
110,0
31,0
65,0
51,0
21,2
42,0
102,0
43,0
21,0
15,0
30,0
26,0
4,0
21,0
44,0
101,0
20,0
60,0
14,25
56,0
2,0
81,0
